Time (s),Acceleration_RawUnits_s2,Acceleration_mm_s2,Acceleration_g
0.0,8.924644637634756,272.69747503883974,0.027797907751155936
0.01,15.340137944982994,468.72643720781366,0.04778047270212168
0.02,18.91966571346741,578.100896800393,0.058929755025524264
0.03,4.346039790872689,132.7956602766655,0.013536764554196279
0.04,-45.59232302521729,-1393.0987591038615,-0.14200802845095428
0.05,-125.66742285757277,-3839.8379206480568,-0.39142078701815053
0.06,-208.0718399770243,-6357.750665964631,-0.6480887529015933
0.07,-253.87535971892356,-7757.30265807822,-0.7907546032699511
0.08,-231.1473905533733,-7062.836933575295,-0.7199629901707743
0.09,-134.18538161973987,-4100.108882825385,-0.4179519758231789
0.1,10.845749697247525,331.39790741589655,0.03378164193841963
0.11,156.02689888672944,4767.48857709451,0.48598252569770745
0.12,253.94191130736468,7759.336178836143,0.7909618938670889
0.13,278.0106347381529,8494.769394776893,0.8659296019140563
0.14,234.05584442031648,7151.706357287448,0.7290220547693627
0.15,153.0037773209712,4675.1154181407865,0.4765663015434033
0.16,74.91496461570607,2289.068363257685,0.23334030206500359
0.17,27.508308792135296,840.5316575374673,0.08568110678261644
0.18,15.91925287985371,486.4216157733078,0.04958426256608642
0.19,26.09069080662612,797.215552424687,0.08126560167428001
0.2,36.029246610615445,1100.893646435472,0.11222157456019083
0.21,31.103340832202814,950.3798587617526,0.09687868081159558
0.22,11.399208760302196,348.3091565647893,0.03550552054686945
0.23,-11.948496723664157,-365.0929554452936,-0.03721640728290455
0.24,-25.019455689784046,-764.4833682989569,-0.0779289875941852
0.25,-21.892769034256123,-668.9457204911592,-0.06819018557504172
0.26,-7.848376328724147,-239.8114989332378,-0.02444561660889274
0.27,5.698646427405265,174.12530750404974,0.017749776503980606
0.28,10.152431857114943,310.2131956340677,0.03162214022773371
0.29,3.820735089990337,116.74468330526028,0.01190057933794702
0.3,-6.551430729423062,-200.18260562126022,-0.020405974069445488
0.31,-11.283656829350702,-344.77840311904924,-0.035145606841901045
0.32,-5.706055046319723,-174.35168197088043,-0.017772852392546425
0.33,7.419854653619605,226.71778108282123,0.023110884921796252
0.34,18.69163953847641,571.1334303423347,0.05821951379636439
0.35000000000000003,21.155146688893577,646.4072599384148,0.0658926870477487
0.36,12.522394194389959,382.6287114952487,0.039003946125917295
0.37,-1.3184144267546976,-40.28488526194909,-0.0041065122591181545
0.38,-12.154566172957294,-371.38952195147283,-0.037858259118396825
0.39,-14.793888584377104,-452.0354845226337,-0.046079050410054403
0.4,-10.653957052797903,-325.53757661326927,-0.03318425857423744
0.41000000000000003,-6.559608856645777,-200.43249284195429,-0.02043144677288015
0.42,-9.698450546707603,-296.3415444827323,-0.030208108509962514
0.43,-21.378460746559,-653.2307450337472,-0.06658825127765007
0.44,-35.5987892164069,-1087.740781612433,-0.11088081362002375
0.45,-44.09920593898415,-1347.4757370245156,-0.13735736361106174
0.46,-40.80226309713653,-1246.7358168569494,-0.1270882585990774
0.47000000000000003,-27.116631508462753,-828.5637405363618,-0.08446113563061793
0.48,-11.441742249722845,-349.60879096375356,-0.035638001117609945
0.49,-2.3745974995350516,-72.55714581912657,-0.007396243202765196
0.5,-4.008000129804378,-122.46667063291154,-0.012483860411102094
0.51,-11.2903263211725,-344.9821931469375,-0.0351663805450497
0.52,-14.919131662368724,-455.86235635015544,-0.04646914947504133
0.53,-8.584341408619988,-262.29932081894407,-0.026737953192552913
0.54,6.4338211748075,196.58898034134026,0.02003965141094192
0.55,21.918147650738458,669.7211782170084,0.06826923325351768
0.56,26.415720238104825,807.1470072754252,0.0822779823930097
0.5700000000000001,14.725612771451562,449.94927912768657,0.04586638930965205
0.58,-6.37773500451591,-194.87523624909724,-0.01986495782355731
0.59,-23.609936982303516,-721.4147411259407,-0.07353870959489713
0.6,-25.337475195141316,-774.2006309626513,-0.07891953424695732
0.61,-12.202368803330897,-372.8501578795552,-0.038007151669679426
0.62,1.1841023659696328,36.18090562684989,0.0036881657111977463
0.63,-7.465843902578394,-228.12300813433978,-0.023254129269555533
0.64,-53.082181741291514,-1621.9555532061295,-0.1653369575133669
0.65,-130.1271589119126,-3976.1076334195513,-0.40531168536386863
0.66,-210.77475772744648,-6440.339819449753,-0.6565076268552246
0.67,-255.27029763077175,-7799.9257609402475,-0.7950994659470181
0.68,-231.90488553533206,-7085.98261357959,-0.7223223867053609
0.6900000000000001,-134.698523675614,-4115.788223421539,-0.4195502776168746
0.7000000000000001,10.637890090031387,325.0466416398479,0.03313421423443914
0.71,155.9394683123581,4764.817087322052,0.485710202581249
0.72,253.97788651825599,7760.435421391155,0.7910739471346743
0.73,278.0314757965215,8495.406204893712,0.8659945162990532
0.74,233.94999304606173,7148.472009740774,0.7286923557330045
0.75,153.04632489496836,4676.415482901811,0.4766988259838747
0.76,74.90748094621661,2288.8396955788407,0.23331699241374523
0.77,27.49361745407419,840.0827555411557,0.0856353471499649
0.78,16.04146461395748,490.1558632042563,0.04996491979656028
0.79,26.078733215665878,796.8501815897906,0.08122835694085531
0.8,36.11571686129286,1103.5357929839483,0.1124909065223189
0.81,31.150730858597832,951.8278873460448,0.097026288210606
0.8200000000000001,11.17229143023362,341.3755714793606,0.03479873307638742
0.8300000000000001,-11.85002332618248,-362.084046077798,-0.03690968869294577
0.84,-24.946274695163627,-762.2472823522219,-0.07770104815007359
0.85,-22.03232818750018,-673.2100279513944,-0.0686248754282767
0.86,-7.963078125076681,-243.31627604400967,-0.024802882369419944
0.87,5.9967519817264625,183.2340883305308,0.01867829646590528
0.88,10.363525534228357,316.6632802125331,0.03227964120413181
0.89,3.5861169561899566,109.575795883582,0.011169805900467076
0.9,-6.568408744711196,-200.70137831061984,-0.020458856096903143
0.91,-11.20819425082058,-342.4726021084066,-0.03491056086731974
0.92,-5.6723035773029515,-173.32038708425685,-0.01766772549278867
0.93,7.29756375118242,222.9811146194628,0.022729981102901406
0.9400000000000001,18.827468171273363,575.2837496777971,0.058642584065015
0.9500000000000001,21.06779231677491,643.7380985681222,0.06562060128115414
0.96,12.65126044836437,386.5662914778002,0.039405330425871576
0.97,-1.5001314486993216,-45.83734982136816,-0.00467251272389074
0.98,-12.177821938100985,-372.1001147753079,-0.03793069467638205
0.99,-14.755616635636045,-450.8660638666569,-0.04595984341148388
1.0,-10.51470592285145,-321.2826809760165,-0.032750528132111774
1.01,-6.508836574439735,-198.88111755232524,-0.02027330454152143
1.02,-9.79929101365589,-299.4227809728189,-0.030522199895292444
1.03,-21.377146648239687,-653.190592029546,-0.06658415820892416
1.04,-35.63769873633992,-1088.9296836103863,-0.11100200648423918
1.05,-43.98447760224938,-1343.9701489576198,-0.13700001518426297
1.06,-40.63725653515362,-1241.6939496852494,-0.1265743067976809
1.07,-27.168657548813435,-830.1534251026327,-0.08462318298701658
1.08,-11.530394010102937,-352.3175947531453,-0.03591412790551939
1.09,-2.7313510063017117,-83.45794741477452,-0.0085074360259709
1.1,-4.009444891806,-122.51081613851666,-0.012488360462641861
1.11,-11.136746025848414,-340.28946190092375,-0.03468801854239793
1.12,-15.09026203770806,-461.0913400410796,-0.04700217533548212
1.1300000000000001,-8.883733088901899,-271.4473999386691,-0.02767047909670429
1.1400000000000001,6.639522023027263,202.87428403694415,0.020680355151574327
1.1500000000000001,22.03577214877383,673.3152601014225,0.06863560245682186
1.16,26.225373742262505,801.3308643469098,0.08168510339927725
1.17,14.821717767321667,452.885820668162,0.04616573095496045
1.18,-6.53926620442847,-199.810911801981,-0.0203680847912315
1.19,-23.534164517065932,-719.0994713547923,-0.0733026984051776
1.2,-25.359916219263688,-774.886328921946,-0.07898943210213516
1.21,-12.207815533940876,-373.0165857593045,-0.03802411679503614
1.22,1.0180542942136124,31.107214545415932,0.003170969882305396
1.23,-7.647940684175085,-233.68707646090536,-0.023821312585209517
1.24,-53.116999205525545,-1623.019420168836,-0.16544540470630337
1.25,-130.0092668602868,-3972.505376286541,-0.40494448280189
1.26,-210.7452503289038,-6439.438204494282,-0.656415719112567
1.27,-255.26078079220707,-7799.634968650771,-0.7950698235118013
1.28,-231.79272693087898,-7082.555545110191,-0.7219730423150041
1.29,-134.5952200283962,-4112.631723089884,-0.4192285140764408
1.3,10.521913949911514,321.5029262472963,0.03277297923010156
1.31,155.851315730234,4762.123536201594,0.4854356306015896
1.32,253.80567719271806,7755.1734697774955,0.7905375606297141
1.33,277.8931602363694,8491.179896111287,0.8655636999094075
1.34,233.92943782714863,7147.843933607319,0.7286283316623159
1.35,153.1054667832949,4678.222596156233,0.47688303732479437
1.36,74.92410554037077,2289.3476692891068,0.23336877362783964
1.37,27.43403857518538,838.2622897973309,0.08544977469901437
1.3800000000000001,16.082763861351403,491.41778465240395,0.050093556029806724
1.3900000000000001,26.116341458010943,797.9993223281122,0.08134549666953234
1.4000000000000001,36.01858471355887,1100.567866247632,0.1121883655706047
1.41,31.08874355620916,949.9338308841687,0.09683321415740762
1.42,11.179347663281044,341.5911786002541,0.034820711376172694
1.43,-12.009839375698439,-366.9673142574523,-0.03740747342073927
1.44,-24.8925486184223,-760.6056522295702,-0.0775337056299256
1.45,-21.906260316426685,-669.3579541130375,-0.06823220735097223
1.46,-7.939544275645996,-242.59718620029432,-0.024729580652425517
1.47,5.789744614588603,176.90886322354064,0.01803352326437723
1.48,10.127472363664431,309.45054444530206,0.03154439800665668
1.49,3.8228957941113286,116.81070482006837,0.01190730935984387
1.5,-6.549284106363756,-200.11701436111477,-0.02039928790633178
1.51,-11.366894560573572,-347.321778239748,-0.035404870360830586
1.52,-5.618578843691204,-171.6787980016757,-0.01750038715613412
1.53,7.261391363493796,221.87584721786595,0.022617313681739647
1.54,18.730575020218236,572.3231256177794,0.05834078752474815
1.55,21.009692138357742,641.9628153387088,0.06543963459110182
1.56,12.502972227634599,382.03526251105717,0.03894345183598952
1.57,-1.2683862265707257,-38.75624581188328,-0.003950687646471282
1.58,-12.170469525275202,-371.87545771674223,-0.03790779385491766
1.59,-14.745051851323147,-450.5432510126517,-0.04592693690241098
1.6,-10.610755935039075,-324.21754245952724,-0.03304969851779075
1.61,-6.589417871017037,-201.34332383663167,-0.020524293969075603
1.62,-9.900370282328634,-302.5113141822638,-0.030837035084838305
1.6300000000000001,-21.43167962449927,-654.8568774152554,-0.0667540140076713
1.6400000000000001,-35.66014134272144,-1089.6154299164882,-0.1110719092677358
1.6500000000000001,-44.03949680413061,-1345.6512912373241,-0.1371713854472298
1.6600000000000001,-40.635680386298,-1241.6457895813276,-0.1265693975108387
1.67,-27.12198577957633,-828.7273432648323,-0.08447781276909605
1.68,-11.45580302803531,-350.0384258566345,-0.0356817967234082
1.69,-2.4596323975685537,-75.15543437015025,-0.0076611044210142965
1.7,-3.913144596492047,-119.56830711503476,-0.01218841051121659
1.71,-11.211469441108626,-342.572677367208,-0.034920762218879506
1.72,-15.053102295913378,-459.9559034862421,-0.046886432567404907
1.73,-8.836378499352563,-270.00045414688384,-0.027522982074096213
1.74,6.694767245310232,204.56233249559043,0.020852429408317066
1.75,21.87771574184771,668.48575877868,0.06814329855032415
1.76,26.276938656943678,802.9064589621679,0.081845714471169
1.77,14.6230898559908,446.81663448860775,0.04554705754216185
1.78,-6.328173962731041,-193.36087108344847,-0.019710588285774565
1.79,-23.571142617039232,-720.2293577428654,-0.07341787540701993
1.8,-25.57935969768693,-781.5915463182116,-0.07967294050134675
1.81,-12.325857599001731,-376.62342663616397,-0.03839178660919103
1.82,0.9937412827123315,30.364316971765685,0.003095241281525554
1.83,-7.506027136822427,-229.35082918068525,-0.023379289416991363
1.84,-53.11742046593576,-1623.0322920147037,-0.1654467168210707
1.85,-130.0534084123907,-3973.85414593416,-0.4050819720626055
1.86,-210.8093176006564,-6441.395815575612,-0.6566152717202458
1.87,-255.27991901937946,-7800.219747814372,-0.7951294340279685
1.8800000000000001,-231.87446218358258,-7085.053011165023,-0.7222276260107058
1.8900000000000001,-134.49481909246236,-4109.563916714127,-0.4189157917139783
1.9000000000000001,10.614727634430283,324.3388999409253,0.03306206931100156
1.9100000000000001,155.91881341405775,4764.185965429542,0.4856458680356312
1.92,253.70150928661695,7751.990561535517,0.7902131051514288
1.93,278.01028148210554,8494.758600842113,0.8659285016148943
1.94,233.97937178436607,7149.369693411185,0.7287838627330464
1.95,152.8891549734259,4671.613068632458,0.47620928324489886
1.96,74.82088731868032,2286.1937791818987,0.23304727616533116
1.97,27.401344266654583,837.2632970366677,0.08534794057458386
1.98,15.957076321341214,487.5773320409815,0.04970207258317854
1.99,26.135741127522568,798.5920900076339,0.08140592150944281
2.0,35.99962266433267,1099.9884702990537,0.11212930380214614
2.0100000000000002,31.08629464120303,949.859002925648,0.09682558643482651
2.02,11.234108043175215,343.2644124303538,0.034991275477100285
2.0300000000000002,-11.95462311637058,-365.28015077798995,-0.03723548937594189
2.04,-24.889838121233396,-760.5228314821314,-0.07752526314802563
2.05,-22.069981034054898,-674.3605315961219,-0.06874215408727032
2.06,-8.009830327833104,-244.74481557267816,-0.024948503116480954
2.07,5.796231706027852,177.10707990640657,0.018053728838573556
2.08,10.184911609580757,311.20563251496753,0.031723306066765294
2.09,3.809918004479762,116.41416124799272,0.011866886977369288
2.1,-6.613075713508136,-202.06620235719305,-0.02059798189166086
2.11,-11.400324722767337,-348.3432554178908,-0.035508996474810484
2.12,-5.607507108342016,-171.34049497711715,-0.01746590162865618
2.13,7.243152145172919,221.3185377691725,0.022560503340384556
2.14,18.89421403697141,577.3232066852374,0.058850479784427874
2.15,20.947896922260206,640.0746281801729,0.06524715883589938
2.16,12.543464454229227,383.27252499033744,0.039069574412878436
2.17,-1.331052846684422,-40.67105920424623,-0.004145877594724386
2.18,-12.23056153462368,-373.71160244683466,-0.03809496457154278
2.19,-14.728897956126893,-450.04965977054394,-0.04587662179108501
2.2,-10.429313317501084,-318.67346247919977,-0.03248455275017327
2.21,-6.459253606083836,-197.3660824081172,-0.020118866708268828
2.22,-9.648793421999818,-294.8242434499944,-0.030053439699285873
2.23,-21.41946732033484,-654.4837236768979,-0.0667159759099794
2.24,-35.665128723698835,-1089.76782211302,-0.11108744364047095
2.25,-43.982917007590856,-1343.9224641208316,-0.13699515434463116
2.2600000000000002,-40.67654179032448,-1242.8943324821369,-0.12669666997779172
2.27,-27.209454351026068,-831.3999940591298,-0.08475025423640467
2.2800000000000002,-11.563812401131896,-353.3387122568079,-0.03601821735543404
2.29,-2.700104641797047,-82.5031973882431,-0.008410111864244963
2.3000000000000003,-3.9271851998280733,-119.99732555030224,-0.012232143277298903
2.31,-11.10700639532722,-339.3807509683317,-0.03459538745854553
2.32,-15.103460335502461,-461.4946213625752,-0.047043284542566274
2.33,-8.669593866485195,-264.9042570314921,-0.027003492052139866
2.34,6.643229826913211,202.9875780445703,0.020691903980078523
2.35,22.026639622865265,673.0362106986609,0.06860715705388999
2.36,26.3455679586865,805.0034654043097,0.08205947659575023
2.37,14.736958710020076,450.29596058394674,0.04590172890763983
2.38,-6.378138808861683,-194.88757471521808,-0.01986621556730052
2.39,-23.451671543002654,-716.5788527028589,-0.07304575460783475
2.4,-25.39840497366641,-776.0623741953624,-0.0791093143930033
2.41,-12.318117573140938,-376.3869258459731,-0.03836767847563436
2.42,1.1425675884018371,34.91178742338946,0.0035587958637502
2.43,-7.522049015841449,-229.84038659515537,-0.023429193332839486
2.44,-53.00638134263159,-1619.639429913743,-0.16510085931842436
2.45,-129.9439719754061,-3970.510254804075,-0.4047411065039832
2.46,-210.88927287299057,-6443.838893341378,-0.6568643112478469
2.47,-255.2772139560627,-7800.1370931019155,-0.7951210084711433
2.48,-231.80002595193818,-7082.778570753666,-0.7219957768352361
2.49,-134.6774335339576,-4115.143802426483,-0.4194845874033112
2.5,10.546742952357917,322.26159021093633,0.032850315006211654
2.5100000000000002,155.86819799772977,4762.639383263965,0.48548821439999645
2.52,253.83252389927046,7755.993785811042,0.7906211810204935
2.5300000000000002,277.9266022224022,8492.2017345734,0.8656678628515189
2.54,233.92440377780872,7147.6901154330435,0.7286126519299738
2.5500000000000003,153.1782787091904,4680.44740500304,0.4771098272174353
2.56,75.10352671365303,2294.8299829171756,0.23392762313121057
2.57,27.53297823862038,841.2854461800671,0.0857579455841047
2.58,15.957733809018334,487.59742194222684,0.04970412048340742
2.59,26.04752913071622,795.8967234385511,0.08113116446876158
2.6,36.014082321949836,1100.4302931706893,0.1121743418114872
2.61,30.963266892980602,946.0998217299627,0.09644238753618377
2.62,11.269356137456608,344.34143753339634,0.03510106396874581
2.63,-12.00340356760529,-366.77066456571714,-0.03738742758060318
2.64,-24.944066829934947,-762.1798198035677,-0.07769417123379896
2.65,-22.041119968742464,-673.4786657115752,-0.06865225950168963
2.66,-7.871238068186667,-240.51005208348147,-0.024516824881088833
2.67,5.99756473854625,183.25892256669096,0.01868082798844964
2.68,10.250459123621802,313.20847322177724,0.031927469237693906
2.69,3.596414320019771,109.89043755615965,0.0112018794654597
2.7,-6.554580859099543,-200.27885958359713,-0.020415785890274936
2.71,-11.32716777664731,-346.10790428644555,-0.03528113193541749
2.72,-5.668181687987048,-173.19444046627092,-0.017654886897683072
2.73,7.241031259556843,221.25373293090354,0.02255389734259975
2.74,18.777822388805298,573.7667952134951,0.058487950582415404
2.75,21.010411234015844,641.9847877060397,0.06544187438389804
2.7600000000000002,12.676582463416244,387.34001971549634,0.03948420180586099
2.77,-1.1840855343033447,-36.18039132593553,-0.0036881132850087187
2.7800000000000002,-12.306296153633474,-376.0257158054672,-0.038330857880271886
2.79,-14.812458163488081,-452.60288832880246,-0.04613688973790035
2.8000000000000003,-10.432380844696363,-318.7671924768333,-0.0324941072861196
2.81,-6.408043065166124,-195.801315880076,-0.019959359416929258
2.82,-9.660822226330644,-295.1917902489919,-0.030090906243526186
2.83,-21.397370115756086,-653.8085313147692,-0.06664714896175017
2.84,-35.694026039673325,-1090.6507956566847,-0.11117745113727673
2.85,-43.989898043336844,-1344.1357735464035,-0.13701689842470982
2.86,-40.5480685357475,-1238.9687608145068,-0.12629650976702414
2.87,-27.20795046655387,-831.3540420335904,-0.08474557003400514
2.88,-11.563538491582039,-353.33034279834004,-0.036017364199626915
2.89,-2.577266370628231,-78.74980576919594,-0.008027503136513348
2.9,-3.9389043116964895,-120.3554095240594,-0.012268645211422976
2.91,-11.254856566935624,-343.8983951008107,-0.03505590164126511
2.92,-15.07944433121771,-460.76079900943,-0.04696848104071662
2.93,-8.625291693321094,-263.5505795181445,-0.026865502499301173
2.94,6.677501858987844,204.03477902462856,0.02079865229608854
2.95,21.98163586599843,671.6610959055075,0.06846698225336469
2.96,26.2007545278722,800.5786105738727,0.08160842105747937
2.97,14.810375411794332,452.5392486937157,0.04613040251719834
2.98,-6.3404789986553975,-193.73685829224826,-0.01974891521837393
2.99,-23.579628740246957,-720.4886559519903,-0.07344430743649238
3.0,-25.337885551511505,-774.2131696295181,-0.07892081239852376
3.0100000000000002,-12.367192176964222,-377.88642762946233,-0.038520532887814714
3.02,1.1768813247689225,35.960262701272626,0.003665674077601695
3.0300000000000002,-7.611797337376099,-232.58269641982523,-0.023708735618738555
3.04,-53.04999586293257,-1620.9720958118285,-0.16523670701445753
3.0500000000000003,-130.093684304887,-3975.0847982048804,-0.40520742081599187
3.06,-210.85352322788407,-6442.746543074235,-0.656752960558026
3.0700000000000003,-255.39172504300376,-7803.63604298067,-0.7954776802222905
3.08,-231.74682049929777,-7081.152848589653,-0.7218300559214733
3.09,-134.4141778835609,-4107.099879775472,-0.4186646156753794
3.1,10.47228893012162,319.9866061981606,0.032618410417753374
3.11,155.9048421581848,4763.759065944535,0.48560235126855605
3.12,253.74157448798428,7753.214776021741,0.7903378976576698
3.13,278.0058019945258,8494.62172761051,0.8659145491957707
3.14,233.8419145041591,7145.169609849305,0.7283557196584408
3.15,152.9895101471552,4674.67947671863,0.4765218630701968
3.16,74.91300621838576,2289.008523339565,0.23333420217528694
3.17,27.32725893859591,834.9995786793195,0.08511718437098058
3.18,15.971171090878514,488.0080055546212,0.04974597406265252
3.19,26.087307766617066,797.1121817577437,0.08125506439936225
3.2,35.9712491445607,1099.1215016393546,0.11204092779198314
3.21,31.06045587434935,949.0694850495635,0.0967451055096395
3.22,11.362688030618537,347.19324538001086,0.035391768132518944
3.23,-12.026676335741382,-367.48177692543106,-0.037459916098412954
3.24,-24.952027326336186,-762.4230571936056,-0.0777189660747814
3.25,-22.074257449935963,-674.4911998591544,-0.06875547399175887
3.2600000000000002,-7.882549241417522,-240.85567126553536,-0.024552056194244175
3.27,5.882789497416726,179.7519013099555,0.018323333466866005
3.2800000000000002,10.146781523162314,310.0405465410707,0.03160454093181149
3.29,3.7505968848516424,114.60157148157796,0.011682117378346377
3.3000000000000003,-6.42581908926279,-196.34447217191857,-0.020014727030776613
3.31,-11.23651808820501,-343.33805269515307,-0.03499878212998502
3.3200000000000003,-5.578082928125792,-170.44142280384364,-0.017374253089076825
3.33,7.354339647828912,224.71593368366118,0.022906823005470048
3.34,18.791075098014534,574.1717391059997,0.058529229266666635
3.35,21.13975104741308,645.936837559844,0.06584473369621244
3.36,12.571468236645929,384.1281961197367,0.039156798788963984
3.37,-1.3869351812274908,-42.378574981951104,-0.0043199362876606626
3.38,-12.24950501012272,-374.29043086486087,-0.038153968487753404
3.39,-14.824286943962631,-452.96432328774705,-0.046173733260728544
3.4,-10.341355611278555,-315.98586590017806,-0.032210587757408565
3.41,-6.621976593592788,-202.33817369311296,-0.020625705779114472
3.42,-9.733243876869635,-297.404674015461,-0.030316480531647403
3.43,-21.291350410274603,-650.5690403139462,-0.06631692561813926
3.44,-35.636020413679994,-1088.8784015291108,-0.11099677895301843
3.45,-43.97379182765718,-1343.6436391784137,-0.13696673182246827
3.46,-40.59663107099411,-1240.4526160581531,-0.12644776922101458
3.47,-27.130619153209505,-828.9911407925126,-0.08450470344470057
3.48,-11.537639398076905,-352.53898160790544,-0.03593669537287517
3.49,-2.576448983681356,-78.72483005693032,-0.008024957192347637
3.5,-3.964284844448729,-121.13092580260005,-0.012347698858572889
3.5100000000000002,-11.101914190200104,-339.2251558116698,-0.034579526586306815
3.52,-15.057722112852224,-460.09706455937345,-0.046900822075369365
3.5300000000000002,-8.769734577029668,-267.9641120759065,-0.027315403881336034
3.54,6.5901269591676,201.36499041900998,0.020526502591132516
3.5500000000000003,21.909854866158735,669.4677875770724,0.06824340342273928
3.56,26.185423496349753,800.1101623884646,0.08156066894887508
3.5700000000000003,14.765534349149306,451.1691051128954,0.04599073446614632
3.58,-6.169947577074942,-188.52617596617878,-0.019217754940487133
3.59,-23.63869688138387,-722.2935158200626,-0.07362828907442025
3.6,-25.405824263771063,-776.289074726338,-0.07913242351950438
3.61,-12.38266632551051,-378.35924883504333,-0.0385687307680982
3.62,1.0407861519719892,31.801799088033,0.0032417736073428135
3.63,-7.615984626321626,-232.71064135982743,-0.023721777916394234
3.64,-53.21517866630021,-1626.0193481369508,-0.16575120776115707
3.65,-130.13990463303875,-3976.4970860095173,-0.4053513849143239
3.66,-210.93552927974707,-6445.252283547827,-0.657008387721491
3.67,-255.30246518296454,-7800.90865836836,-0.7951996593647666
3.68,-231.83476983132093,-7083.840189290361,-0.7221039948308218
3.69,-134.50679349378075,-4109.929801198856,-0.4189530888072228
3.7,10.348696551539092,316.21017240813893,0.03223345284486635
3.71,155.8129241393065,4760.950459812142,0.48531605094924996
3.72,253.73870808408464,7753.127191458141,0.7903289695675985
3.73,277.9632313430468,8493.320957704207,0.8657819528750466
3.74,233.72753275170203,7141.674611857561,0.7279994507500063
3.75,153.10394240467005,4678.176017920474,0.47687828928852943
3.7600000000000002,74.93907875016633,2289.80518403286,0.23341541121639753
3.77,27.2709574029379,833.279253978658,0.0849418199774371
3.7800000000000002,15.911212920303955,486.1759503426208,0.04955922021841191
3.79,26.077544795807423,796.8138687607823,0.08122465532729686
3.8000000000000003,36.054479257450154,1101.6646439776434,0.1123001675818189
3.81,31.16351694475339,952.218573311909,0.0970661134874525
3.8200000000000003,11.103458215067807,339.27233434929406,0.03458433581542243
3.83,-11.992071656659474,-366.42441173126167,-0.037352131674950224
3.84,-24.86918812794172,-759.8918594648858,-0.07746094388021262
3.85,-21.91198820123106,-669.5329728153935,-0.06825004819728782
3.86,-7.927413810506458,-242.22653309880843,-0.024691797461652235
3.87,5.978927436525682,182.68944944939582,0.01862277772165095
3.88,10.317357624312987,315.25259407623014,0.03213584037474313
3.89,3.6809600680069154,112.47377985576685,0.011465217110679597
3.9,-6.528718384203312,-199.4886172951012,-0.020335231120805423
3.91,-11.346879570756759,-346.7102091064565,-0.0353425289609028
3.92,-5.69560803054697,-174.03246760004632,-0.0177403127013299
3.93,7.172157882402843,219.14926862897573,0.022339374987663172
3.94,18.869439799243974,576.5662160880103,0.05877331458593377
3.95,21.159777545956633,646.5487583486748,0.0659071109427803
3.96,12.688679964770401,387.70966559020667,0.03952188232316072
3.97,-1.4864128244060406,-45.41816963462902,-0.0046297828373729885
3.98,-12.120959635985377,-370.3626555439976,-0.037753583643628706
3.99,-14.794416166663726,-452.0516050925027,-0.04608069368934788
4.0,-10.482613878427557,-320.3020907297309,-0.03265056990109387
4.01,-6.602321452534782,-201.73759993856277,-0.020564485212901402
4.0200000000000005,-9.862769069098523,-301.36238822245485,-0.0307199172499954
4.03,-21.37389716586401,-653.0913022902891,-0.06657403693071245
4.04,-35.612375268595564,-1088.1559109848645,-0.11092313057949689
4.05,-44.037981896166514,-1345.6050023828657,-0.13716666690956836
4.0600000000000005,-40.77480121754579,-1245.8967038694548,-0.12700272210697805
4.07,-27.164257300999946,-830.0189730861094,-0.0846094773788083
4.08,-11.401460930497015,-348.37797287629763,-0.035512535461396294
4.09,-2.636240269728427,-80.5517860194797,-0.008211191235420969
4.1,-4.019174769492697,-122.80811795672128,-0.012518666458381374
4.11,-11.042026326811827,-337.3952488748058,-0.03439299173035737
4.12,-15.089720510314319,-461.07479337071527,-0.04700048862086802
4.13,-8.845497687398163,-270.27909600383276,-0.02755138593311241
4.14,6.663662265932789,203.61190257016855,0.020755545623870393
4.15,21.865561450726403,668.1143776610845,0.06810544114791892
4.16,26.158550301794442,799.2890369992746,0.08147696605497193
4.17,14.543368747594181,444.3807117320444,0.04529874737329709
4.18,-6.30535345486903,-192.6635777876648,-0.01963950843910956
4.19,-23.753485681414283,-725.8009513765475,-0.07398582582839423
4.2,-25.480847098747226,-778.5814391283874,-0.0793660998092138
4.21,-12.300853925833046,-375.8594255115653,-0.03831390677997607
4.22,1.054039295945925,32.20675626501438,0.0032830536457710883
4.23,-7.500227928981791,-229.1736311633325,-0.02336122641828058
4.24,-53.21542994110587,-1626.0270259782346,-0.1657519904157222
4.25,-130.08457482714263,-3974.8064530515803,-0.40517904720199593
4.26,-210.70292660846562,-6438.1449797031155,-0.6562838919167294
4.2700000000000005,-255.28322941203663,-7800.3208987011185,-0.7951397450255983
4.28,-231.89845211877915,-7085.786036962696,-0.7223023483142401
4.29,-134.63615994426803,-4113.882664963745,-0.419356031087028
4.3,10.501778680404646,320.8876819012531,0.03271026319074955
4.3100000000000005,155.78257199940228,4760.023033315069,0.48522151206065944
4.32,253.80334253421563,7755.102132989921,0.7905302887859247
4.33,277.99954258398014,8494.430467843837,0.8658950527873431
4.34,233.95365791067124,7148.583991714954,0.7287037708170188
4.3500000000000005,153.12161818301112,4678.716111147562,0.47693334466336
4.36,74.97789511342718,2290.9912395769416,0.23353631392221627
4.37,27.450201913823815,838.756169589061,0.08550011922416524
4.38,15.99905636988244,488.86005574640785,0.04983282933194779
4.39,25.93124039064338,792.3434563807699,0.08076895579824361
4.4,36.065216948673005,1101.9927400983418,0.11233361265018774
4.41,31.00791243587207,947.4639910960909,0.09658144659491243
4.42,11.122608886545647,339.8574937555614,0.03464398509231003
4.43,-11.87721258016162,-362.9148288382717,-0.03699437602836613
4.44,-25.08045214762635,-766.3471489552495,-0.07811897542866968
4.45,-21.864464354121594,-668.0808552648265,-0.06810202398214338
4.46,-7.944730892732405,-242.7556661668235,-0.02474573559294837
4.47,6.061320095439101,185.20700291619474,0.018879409063832286
4.48,10.250287507496566,313.2032293957284,0.03192693469885101
4.49,3.6440360740329103,111.34554670656114,0.011350208634715713
4.5,-6.572026351435722,-200.81191629386925,-0.020470123985103898
4.51,-11.292152833788217,-345.03800325463993,-0.03517206964879102
4.5200000000000005,-5.575026274286737,-170.34802504765028,-0.01736473242075946
4.53,7.373290816779731,225.29499717938066,0.022965850884748285
4.54,18.827612732684685,575.288166832032,0.0586430343355792
4.55,21.242405817982224,649.0735111050124,0.06616447615749362
4.5600000000000005,12.45878981866783,380.6852444592948,0.03880583531695156
4.57,-1.3669061460389644,-41.76657668452391,-0.0042575511401145676
4.58,-12.11016934954573,-370.0329523472306,-0.03771997475506938
4.59,-14.750460836986209,-450.7085255745786,-0.04594378446224043
4.6000000000000005,-10.56685444384907,-322.87610800649935,-0.03291295698333327
4.61,-6.449323670825296,-197.06266771966182,-0.020087937586102122
4.62,-9.781872985528626,-298.890563446708,-0.0304679473442108
4.63,-21.28832050933275,-650.4764600073895,-0.06630748827802135
4.64,-35.61739842168758,-1088.3093962182315,-0.11093877637290842
4.65,-43.91854505074789,-1341.9555432172965,-0.13679465272347568
4.66,-40.62665100757871,-1241.3698918982382,-0.12654127338412213
4.67,-27.152482111793507,-829.6591756381349,-0.08457280077860703
4.68,-11.400428959288107,-348.3464404226921,-0.03550932114400531
4.69,-2.427345391758665,-74.16888697040365,-0.007560538936840331
4.7,-3.9153379175721517,-119.63532525914907,-0.01219524212631489
4.71,-11.22852590344895,-343.09384704982904,-0.034973888588157906
4.72,-15.043647116805014,-459.6669952357087,-0.046856982185087534
4.73,-8.747152797165047,-267.27411324670976,-0.02724506760924666
4.74,6.68674414620431,204.31718224513168,0.02082743957646602
4.75,21.965439782099796,671.1662155641604,0.06841653573538842
4.76,26.26794284187164,802.6315868349667,0.08181769488633707
4.7700000000000005,14.722533555528974,449.8551919744964,0.045856798366411454
4.78,-6.35439386476674,-194.1620347567615,-0.019792256346254995
4.79,-23.691519883440666,-723.9075519940203,-0.0737928187557615
4.8,-25.62180601015065,-782.8885169768254,-0.07980514953892205
4.8100000000000005,-12.316890681850085,-376.3494375009748,-0.038363857033738506
4.82,1.078703220501296,32.960376181984046,0.0033598752479086693
4.83,-7.430101478065144,-227.03087849643495,-0.023142801069972983
4.84,-53.10352044323515,-1622.6075690988516,-0.16540342192648844
4.8500000000000005,-130.0421957034842,-3973.511535384239,-0.4050470474397797
4.86,-210.72205823064553,-6438.729557047502,-0.656343481860092
4.87,-255.31022541842083,-7801.1457766739695,-0.7952238304458684
4.88,-231.94418755491844,-7087.183508622507,-0.7224448021021924
4.89,-134.69825993095634,-4115.780164556999,-0.4195494561220182
4.9,10.631325494405285,324.8460567734948,0.03311376725519825
4.91,155.97225382852136,4765.818866982597,0.48581232079333303
4.92,253.8376905654214,7756.151656165654,0.7906372738191288
4.93,277.8046463367575,8488.475304734256,0.865288002521331
4.94,234.0820486961428,7152.507043493252,0.7291036741583335
4.95,153.0332829045202,4676.016977638117,0.4766582036328356
4.96,74.96968859946149,2290.7404849835452,0.23351075280158462
4.97,27.427138246242105,838.0514464129532,0.08542828199928167
4.98,16.02439476179993,489.63428438833114,0.04991175172154242
4.99,25.905068053030316,791.5437460648152,0.08068743588836037
5.0,35.9945451188433,1099.8333230757673,0.11211348859080197
5.01,31.159122625290326,952.0843024394266,0.09705242634448792
5.0200000000000005,11.318971043625627,345.85744855522745,0.0352556012798397
5.03,-12.033501764261365,-367.6903316857639,-0.037481175503135976
5.04,-24.95642886364538,-762.5575486113867,-0.0777326756994278
5.05,-21.9734586966515,-671.4112379532403,-0.06844151253345976
5.0600000000000005,-7.910396720838788,-241.70656647007408,-0.024638793727836297
5.07,5.867607100692873,179.28799474339334,0.018276044316349983
5.08,10.198084117246417,311.6081258047516,0.031764334944419124
5.09,3.642513113859591,111.29901181237639,0.01134546501655213
5.1000000000000005,-6.504033282767343,-198.7343503067799,-0.020258343558285413
5.11,-11.140307830877967,-340.3982948323823,-0.034699112623076685
5.12,-5.661233133830185,-172.9821235337001,-0.01763324398916413
5.13,7.240726352853532,221.24441633719124,0.022552947638857415
5.14,18.801824374828712,574.5001892308773,0.058562710421088404
5.15,21.12858933384867,645.5957852009316,0.06580996791039058
5.16,12.550942572104946,383.50102303654,0.03909286677232824
5.17,-1.3984242510647262,-42.72962989364441,-0.004355721701696677
5.18,-12.074680752440381,-368.9485785467894,-0.03760943716073287
5.19,-14.59850473049713,-446.0654223207456,-0.045470481378261526
5.2,-10.428302058292486,-318.6425628922704,-0.03248140294518557
5.21,-6.680069014781715,-204.11321989610795,-0.02080664830745239
5.22,-9.72224134307268,-297.06848548277634,-0.03028221054870299
5.23,-21.193220492467724,-647.570626158736,-0.06601127687652762
5.24,-35.770577651325695,-1092.989872679396,-0.11141588916201794
5.25,-43.99899362146096,-1344.4136939890848,-0.1370452287450647
5.26,-40.64384598819467,-1241.895294083726,-0.1265948312011953
5.2700000000000005,-27.21611172398506,-831.6034137884322,-0.08477099019250074
5.28,-11.409446130332586,-348.6219650934957,-0.03553740724704339
5.29,-2.553818434995874,-78.03334106931837,-0.00795446901827914
5.3,-4.072236379259251,-124.42944492181043,-0.01268393933963409
5.3100000000000005,-11.132929407814018,-340.1728430165394,-0.03467613078659933
5.32,-15.06678752042169,-460.37406312399605,-0.046929058422425694
5.33,-8.750838917115212,-267.3867446896315,-0.027256548898025635
5.34,6.922312182620917,211.51509446897245,0.02156117170937538
5.3500000000000005,21.89632640954231,669.0544180693483,0.06820126585824142
5.36,26.360665609952996,805.4647825263415,0.08210650178657916
5.37,14.717711392849447,449.7078481148442,0.04584177860497902
5.38,-6.4135451964668935,-195.9694365587106,-0.019976497100785993
5.39,-23.694332444520438,-723.9934913603466,-0.07380157913968875
5.4,-25.501989244786447,-779.2274491462525,-0.0794319520026761
5.41,-12.249102814958157,-374.2781415681659,-0.038152715756184084
5.42,0.9572259235680678,29.24856988680207,0.0029815055949849205
5.43,-7.667197347211909,-234.27547449814165,-0.02388129199777183
5.44,-53.13275361744921,-1623.5008049776147,-0.16549447553288632
5.45,-130.28232775246988,-3980.8489035476905,-0.40579499526480023
5.46,-210.82344022748703,-6441.827340284325,-0.6566592599678212
5.47,-255.2597525295408,-7799.603549513747,-0.7950666207455399
5.48,-231.9243426262227,-7086.577135801249,-0.7223829903976808
5.49,-134.5484539788478,-4111.202760464793,-0.4190828502002847
5.5,10.497095330377077,320.74457953929954,0.03269567579401626
5.51,155.90802859916326,4763.856429418877,0.485612276189488
5.5200000000000005,253.89951140258376,7758.040626190059,0.7908298293771722
5.53,278.1818181818182,8500.0,0.8664627930682977
5.54,233.84946541406723,7145.4003320964985,0.7283792387458204
5.55,153.14300369618445,4679.369557383414,0.47699995488108193
5.5600000000000005,74.835625998748,2286.644127739522,0.23309318325581263
5.57,27.466689050008682,839.2599431947096,0.0855514722930387
5.58,15.870196124156912,484.9226593492389,0.04943146374609979
5.59,26.098452503885706,797.4527153965076,0.0812897773085125
5.6000000000000005,36.05441709086844,1101.6627444432022,0.11229997394935802
5.61,31.154092580318505,951.9306066208432,0.09703675908469349
5.62,11.233259030256885,343.23847036896035,0.03498863102639759
5.63,-12.022381151980026,-367.35053519938964,-0.03744653773694084
5.64,-24.937248075853187,-761.9714689844029,-0.07767293261818582
5.65,-21.86048204204042,-667.9591735067905,-0.06808962013321004
5.66,-7.912119701692828,-241.75921310728083,-0.02464416035752098
5.67,5.835947586478281,178.32062069794748,0.018177433302543067
5.68,10.170591066993243,310.7680603803491,0.03167870136394996
5.69,3.7930117647236803,115.89758169989022,0.011814228511711542
5.7,-6.607654715209855,-201.90056074252334,-0.020581096915649678
5.71,-11.319431190115044,-345.8715085868485,-0.035257034514459586
5.72,-5.726517948379378,-174.97693731159208,-0.017836588920651587
5.73,7.275683885440073,222.31256316622444,0.02266183110766814
5.74,18.926634619289125,578.3138355893899,0.05895146132409683
5.75,21.009984297134938,641.9717424124564,0.06544054458842573
5.76,12.48737866231634,381.55879245966594,0.03889488200404342
5.7700000000000005,-1.331942790289464,-40.6982519255114,-0.004148649533691274
5.78,-12.262478378185072,-374.6868393334327,-0.03819437709820925
5.79,-14.576726388956239,-445.39997299588504,-0.04540264760406575
5.8,-10.50782520218063,-321.072436733297,-0.03272909650696198
5.8100000000000005,-6.671454026669298,-203.84998414822851,-0.02077981489788262
5.82,-9.957091388146372,-304.2444590822502,-0.031013706328465875
5.83,-21.280017436094912,-650.222754991789,-0.06628162640079398
5.84,-35.60935938987104,-1088.0637591349482,-0.11091373691487749
5.8500000000000005,-43.94126478323763,-1342.6497572655942,-0.13686541868150806
5.86,-40.72972439080312,-1244.5193563856508,-0.12686231971311424
5.87,-27.2233349697794,-831.8241240765927,-0.08479348869282291
5.88,-11.206342794868359,-342.41602984319985,-0.03490479407168194
5.89,-2.6733981812995307,-81.68716665081898,-0.008326928302835778
5.9,-3.9515857456745906,-120.74289778450137,-0.012308144524414002
5.91,-11.227257747500518,-343.05509784029357,-0.03496993861776693
5.92,-15.033632015805452,-459.3609782607221,-0.04682578779416127
5.93,-8.786958647424662,-268.4904031157535,-0.027369052305377523
5.94,6.652780548634732,203.27940565272792,0.02072165195236778
5.95,22.10416183132529,675.4049448460504,0.06884861823099392
5.96,26.31795349052431,804.1596899882428,0.08197346483060579
5.97,14.83682734115655,453.3475020908945,0.04621279328143675
5.98,-6.373088668059793,-194.73326485738255,-0.019850485714310147
5.99,-23.653190087952968,-722.7363637985628,-0.07367343157987388
6.0,-25.498489014749502,-779.1204976729014,-0.07942104971181461
6.01,-12.26704557696507,-374.8263926294882,-0.038208602714524795
6.0200000000000005,1.1022801770057218,33.68078318628594,0.003433311232037303
6.03,-7.555393886493929,-230.85925764287006,-0.023533053786225288
6.04,-53.10067012481647,-1622.5204760360587,-0.16539454393843614
6.05,-130.1396486773242,-3976.4892651404616,-0.4053505876799655
6.0600000000000005,-210.73819313100856,-6439.222567891928,-0.656393737807536
6.07,-255.45326734366708,-7805.516502167605,-0.7956693682128038
6.08,-231.85641560870465,-7084.501588043753,-0.7221714157027271
6.09,-134.63723103028042,-4113.915392591902,-0.4193593672366872
6.1000000000000005,10.525454246188504,321.61110196687093,0.03278400631670448
6.11,155.9316007385273,4764.576689232778,0.4856856971694983
6.12,253.91445329745324,7758.497184088848,0.7908763694280172
6.13,278.1072216799055,8497.720662441556,0.8662304446933288
6.140000000000001,233.8714585583694,7146.0723448390645,0.7284477415738089
6.15,153.13074416013654,4678.994960448616,0.47696176966856435
6.16,74.96677774014833,2290.6515420600876,0.23350168624465725
6.17,27.470017766790885,839.361653985277,0.08556184036547167
6.18,16.008947308072713,489.1622788577773,0.04986363698856038
6.19,26.214313110017024,800.9929005838535,0.08165065245503093
6.2,35.97262191402735,1099.1634473730578,0.1120452036058163
6.21,30.96170780787544,946.0521830184163,0.09643753139841145
6.22,11.237047238668977,343.354221181552,0.03500043029373619
6.23,-11.91292869398489,-364.00615453842715,-0.037105622277107765
6.24,-24.986812269737786,-763.4859304642101,-0.0778273119739256
6.25,-22.161343884788607,-677.1521742574296,-0.06902672520463095
6.26,-7.958519830950906,-243.176994834611,-0.024788684488747298
6.2700000000000005,5.899959690216303,180.27654608994257,0.018376814076446746
6.28,10.12734806732708,309.44674650166075,0.031544010856438404
6.29,3.786233905156136,115.69048043532636,0.011793117271694839
6.3,-6.627165325346693,-202.49671827448228,-0.020641867306267308
6.3100000000000005,-11.335707048381078,-346.3688264783107,-0.03530772950849243
6.32,-5.533288701763333,-169.0727103316574,-0.017234730920658244
6.33,7.402555596610501,226.18919878532085,0.02305700293428347
6.34,18.796580041457297,574.3399457111951,0.05854637570960195
6.3500000000000005,21.230584217804346,648.7122955440216,0.06612765499939058
6.36,12.58059499018166,384.4070691444396,0.039185226212481106
6.37,-1.4442747397765536,-44.13061704872803,-0.004498533847984508
6.38,-12.232793469125909,-373.77980044551384,-0.03810191645723893
6.390000000000001,-14.749545662027288,-450.6805618952782,-0.04594093393427912
6.4,-10.432572461034283,-318.773047420492,-0.032494704120335574
6.41,-6.740773863735353,-205.96809028080244,-0.02099572785737028
6.42,-9.767914394772392,-298.4640509513786,-0.030424470025624734
6.43,-21.342174379469654,-652.1219949282394,-0.06647522884079912
6.44,-35.597995421021054,-1087.716526753421,-0.1108783411573314
6.45,-44.05755254317095,-1346.202994374668,-0.13722762429915064
6.46,-40.7674677836996,-1245.6726267241545,-0.12697988040001576
6.47,-27.06197938205405,-826.8938144516516,-0.08429090871066784
6.48,-11.467285098735061,-350.38926690579353,-0.035717560336982014
6.49,-2.471102613859127,-75.5059132012511,-0.0076968311112386445
6.5,-3.893228418085643,-118.95975721928353,-0.012126376882699647
6.51,-11.106216539737844,-339.35661649198966,-0.03459292726727723
6.5200000000000005,-15.128314229414396,-462.2540458987732,-0.04712069784900848
6.53,-8.858884281663025,-270.6881308285924,-0.027593081633903407
6.54,6.612640279735318,202.05289743635694,0.020596625630617427
6.55,21.903129981149107,669.262304979556,0.06822245718446035
6.5600000000000005,26.158546591854744,799.288923640006,0.08147695449949093
6.57,14.546327641451365,444.47112237768056,0.04530796354512544
6.58,-6.272071337497431,-191.6466242013104,-0.01953584344559739
6.59,-23.573217771364988,-720.2927652361524,-0.0734243389639299
6.6000000000000005,-25.452388403029957,-777.7118678703597,-0.07927745849850762
6.61,-12.249173337836499,-374.280296433893,-0.03815293541629898
6.62,1.2182352813272985,37.22385581833412,0.003794480715426516
6.63,-7.412427864852705,-226.49085142605486,-0.02308775243894545
6.640000000000001,-53.05841199846555,-1621.2292555086694,-0.16526292105083276
6.65,-129.95398899248443,-3970.816330325913,-0.4047723068629881
6.66,-210.6521282366401,-6436.592807230669,-0.6561256684231059
6.67,-255.19079518237427,-7797.496519461436,-0.7948518368462218
6.68,-231.94084399261112,-7087.081344218673,-0.7224343877898749
6.69,-134.5846717295224,-4112.309413957629,-0.41919565891515076
6.7,10.514379311907462,321.2727011971724,0.03274951082539984
6.71,156.06196642368403,4768.560085168123,0.48609175180103187
6.72,253.65471734452828,7750.560807749474,0.7900673606268578
6.73,277.9339397448863,8492.425936649302,0.8656907172935069
6.74,233.95681132185106,7148.680345945449,0.7287135928588633
6.75,153.23339548339302,4682.131528659231,0.47728150139237824
6.76,74.81970113223022,2286.157534595923,0.23304358150824905
6.7700000000000005,27.414992308208554,837.6803205285946,0.08539045061453564
6.78,15.858758941705888,484.5731898854577,0.0493958399475492
6.79,26.069553453590416,796.5696888597071,0.08119976440975607
6.8,35.832948163787876,1094.8956383379627,0.11161015681324798
6.8100000000000005,31.137791733348536,951.4325251856496,0.09698598625745664
6.82,11.238009015970173,343.3836088213108,0.03500342597566879
6.83,-11.95130289279477,-365.1786995020624,-0.03722514775760065
6.84,-24.923964328329273,-761.5655766989499,-0.07763155725779307
6.8500000000000005,-21.928722338160377,-670.0442936660114,-0.0683021706081561
6.86,-7.837632593935301,-239.48321814802307,-0.024412152716414177
6.87,5.933645290229695,181.305828312574,0.018481735811679306
6.88,10.271959100006127,313.86541694463165,0.03199443597804604
6.890000000000001,3.7035365194618097,113.16361587244418,0.011535536786181874
6.9,-6.621329896903273,-202.31841351648887,-0.02062369148995809
6.91,-11.278246057860654,-344.61307399018665,-0.03512875371969283
6.92,-5.529132452476202,-168.94571382566173,-0.01722178530332943
6.93,7.347471538059556,224.50607477404196,0.022885430659943116
6.94,18.877596928301426,576.815461698099,0.058798721885637006
6.95,21.061420207184796,643.5433952195353,0.0656007538450087
6.96,12.58268999519111,384.471083186395,0.0391917515990209
6.97,-1.365349603911243,-41.719015675065755,-0.004252702923044419
6.98,-12.17975405735858,-372.15915175262325,-0.037936712716883106
6.99,-14.763372673821518,-451.10305392232414,-0.04598400141919716
7.0,-10.391237739140033,-317.5100420292788,-0.03236595739340253
7.01,-6.631328462720898,-202.6239252498052,-0.02065483437816567
7.0200000000000005,-9.752399293450308,-297.9899784109816,-0.030376144588275394
7.03,-21.207709194761986,-648.0133365066162,-0.06605640535235639
7.04,-35.700136067391576,-1090.8374909480758,-0.11119648225770395
7.05,-44.02995664174261,-1345.3597862754684,-0.1371416703644718
7.0600000000000005,-40.810306859452915,-1246.9815984832835,-0.12711331279136426
7.07,-27.107709560687663,-828.2911254654563,-0.08443334612288035
7.08,-11.426138579754268,-349.13201215915814,-0.03558939981235047
7.09,-2.5772100914663327,-78.74808612813794,-0.008027327841808148
7.1000000000000005,-3.8608786702106292,-117.97129270088033,-0.01202561597358617
7.11,-11.205215308518524,-342.3815788713993,-0.0349012822498878
7.12,-15.077020699656687,-460.68674360062096,-0.046960932069380325
7.13,-8.782165264045858,-268.34393862362344,-0.027354122183855602
7.140000000000001,6.73240599390148,205.7124053692119,0.020969664155882965
7.15,21.918711829001786,669.7384169972768,0.06827099051960007
7.16,26.153186466225804,799.1251420235662,0.0814602591257458
7.17,14.762964239562777,451.0905739866404,0.045982729254499526
7.18,-6.398861625317635,-195.5207718847055,-0.019930761660010756
7.19,-23.688277533388177,-723.808480186861,-0.07378271969285025
7.2,-25.543289424253413,-780.4893990744098,-0.07956059113908356
7.21,-12.295131328481068,-375.6845683702548,-0.03829608240267633
7.22,1.0450760539956814,31.93287942764582,0.003255135517598962
7.23,-7.635899144797611,-233.31914053548252,-0.023783806374666924
7.24,-53.028544792687015,-1620.3166464432143,-0.1651698926037935
7.25,-130.0782376876624,-3974.612818234129,-0.4051593086884943
7.26,-210.79530993820586,-6440.967803667401,-0.65657164155631
7.2700000000000005,-255.21444507844768,-7798.21915517479,-0.7949255000178176
7.28,-231.85703844214626,-7084.52061906558,-0.7221733556641774
7.29,-134.577576293527,-4112.09260896888,-0.4191735585085505
7.3,10.531936235237792,321.80916274337693,0.032804195998305495
7.3100000000000005,155.9223548523843,4764.294176045076,0.48565689867941647
7.32,253.80768081065847,7755.234691436786,0.790543801369703
7.33,278.0471303214839,8495.884537600896,0.8660432760041687
7.34,233.99707942064543,7149.910760075277,0.7288390173369294
7.3500000000000005,153.00767060503586,4675.234379598318,0.4765784280936104
7.36,74.93272990714098,2289.6111916070854,0.23339563624944806
7.37,27.298171739816123,834.1108031610481,0.08502658543945445
7.38,15.962540056140284,487.7442794931753,0.04971909067208719
7.390000000000001,26.27653961592919,802.8942660422808,0.081844471563943
7.4,36.0478657664839,1101.462565087008,0.11227956830652477
7.41,31.032609103602454,948.2186114989638,0.09665837018338061
7.42,11.189962079725467,341.91550799161143,0.03485377247620912
7.43,-11.954964003678313,-365.29056677905953,-0.037236551149751225
7.44,-25.04616283703672,-765.2994200205665,-0.0780121732946551
7.45,-21.98545349792247,-671.7777457698533,-0.06847887316716139
7.46,-7.947281375188007,-242.8335975751891,-0.024753679671273097
7.47,5.913426563966576,180.6880338989787,0.01841875982660333
7.48,9.938474539117426,303.6756109174769,0.0309557197673269
7.49,3.7916857077660224,115.85706329285068,0.011810098194989876
7.5,-6.415450535179605,-196.02765524159904,-0.01998243172697238
7.51,-11.403757742047219,-348.44815322922057,-0.035519689421938894
7.5200000000000005,-5.675355644577167,-173.41364469541344,-0.017677231875169567
7.53,7.269385414904173,222.12010989984972,0.022642213037701298
7.54,18.922114508435893,578.1757210910966,0.05893738237421984
7.55,21.04675786707811,643.0953792718311,0.06555508453331611
7.5600000000000005,12.501173047142165,381.98028755156616,0.03893784786458371
7.57,-1.2025597268353994,-36.74488054219275,-0.00374565550888815
7.58,-12.147832457073184,-371.1837695216806,-0.03783728537427936
7.59,-14.765554277525087,-451.16971403548877,-0.045990796537766436
7.6000000000000005,-10.394303313821046,-317.60371236675417,-0.0323755058477833
7.61,-6.585584215895664,-201.2261843745897,-0.02051235314725685
7.62,-9.739309137049258,-297.5900014098384,-0.03033537221303144
7.63,-21.231900360704856,-648.7525110215372,-0.0661317544364462
7.640000000000001,-35.61936696037719,-1088.3695460115252,-0.11094490785030839
7.65,-43.95891053960198,-1343.1889331545049,-0.1369203805458211
7.66,-40.661503009641216,-1242.4348141834814,-0.1266498281532601
7.67,-27.163975153271778,-830.0103519055265,-0.08460859856325448
7.68,-11.443530989066875,-349.6634468881545,-0.03564357256759985
7.69,-2.5730290531113975,-78.62033217840381,-0.008014305013089074
7.7,-4.083695242161863,-124.77957684383469,-0.012719630667057563
7.71,-11.10418852841031,-339.2946494792039,-0.03458661054833883
7.72,-14.972724254783913,-457.49990778506395,-0.0466360762268159
7.73,-8.917911843721264,-272.49175078037194,-0.027776936878733123
7.74,6.673361974232352,203.9082825459885,0.020785757649947858
7.75,22.075975008648335,674.5436808198102,0.06876082373290623
7.76,26.12790594433195,798.352681632365,0.08138151698596993
7.7700000000000005,14.725785967808768,449.9545712386012,0.04586692877049961
7.78,-6.3316697564391875,-193.4676870023085,-0.019721476758645107
7.79,-23.647330206889254,-722.5573118771716,-0.07365517960011943
7.8,-25.466472931963807,-778.1422284766718,-0.07932132808121017
7.8100000000000005,-12.246997069720027,-374.21379935255635,-0.03814615691667241
7.82,1.0793532479747567,32.98023813256201,0.0033618999115761477
7.83,-7.579064151534752,-231.58251574133962,-0.023606780401767544
7.84,-53.159569945633464,-1624.3201927832447,-0.16557800130308303
7.8500000000000005,-130.11102446287188,-3975.6146363655293,-0.40526143082217425
7.86,-210.79204048625678,-6440.867903746735,-0.6565614580781585
7.87,-255.26748401077506,-7799.8397892181265,-0.7950907022648447
7.88,-231.95355477621175,-7087.469729273136,-0.722473978519178
7.890000000000001,-134.63276090898626,-4113.778805552358,-0.41934544399106605
7.9,10.55265434473635,322.4422160891662,0.0328687274300883
7.91,155.96876372473193,4765.712224922364,0.4858014500430544
7.92,253.7309059994901,7752.888794428864,0.7903046681374988
7.930000000000001,278.0134574283094,8494.855643642786,0.8659383938473788
7.94,234.00091903975624,7150.028081770329,0.7288509767349979
7.95,153.07831755736476,4677.393036475034,0.47679847466616043
7.96,74.9649292828113,2290.595061419234,0.23349592878891273
7.97,27.38246825938935,836.6865301480078,0.08528914680407827
7.98,16.092556085746008,491.7169915089058,0.050124056219052575
7.99,26.129372823097484,798.3975029279786,0.08138608592538009
8.0,36.13777476347516,1104.2097844395187,0.11255961105397744
8.01,31.184396521141228,952.8565603682041,0.09713114784589237
8.02,11.241815155875917,343.499907540653,0.03501528109486779
8.03,-11.96950322526112,-365.73482077186753,-0.03728183697980301
8.040000000000001,-24.941432817707383,-762.0993360966145,-0.07768596698232563
8.05,-21.954487466038717,-670.8315614622941,-0.0683824221674102
8.06,-7.8999879500509484,-241.3885206960012,-0.024606373159633148
8.07,5.998211142548569,183.27867380009516,0.01868284136596281
8.08,10.374147952663153,316.98785410915184,0.03231272722825197
8.09,3.830721500762822,117.04982363441955,0.011931684366403624
8.1,-6.528322961629825,-199.47653493868907,-0.020333999484066164
8.11,-11.26744383499003,-344.2830060691398,-0.035095107652307826
8.120000000000001,-5.663080782781362,-173.03857947387496,-0.017638998927000507
8.13,7.410458641862644,226.4306807235808,0.02308161883013056
8.14,18.82707606824328,575.271768751878,0.05864136276777553
8.15,21.154244433358066,646.3796910192742,0.06588987676037454
8.16,12.641405879240201,386.26517964345055,0.0393746360492814
8.17,-1.3615380985368946,-41.602553010849554,-0.0042408310918297205
8.18,-12.15771125686602,-371.48562173757284,-0.037868055222994176
8.19,-14.722035837922943,-449.83998393653434,-0.045855248107699725
8.2,-10.551631888569558,-322.4109743729587,-0.032865542749537076
8.21,-6.725802042542251,-205.5106179665688,-0.020949094593941772
8.22,-9.810802146136893,-299.7745100208495,-0.0305580540286289
8.23,-21.388741146737186,-653.5448683725251,-0.06662027200535424
8.24,-35.58588617546795,-1087.3465220281873,-0.11084062405995794
8.25,-44.065685535836,-1346.451502483878,-0.1372529564203749
8.26,-40.62259279622331,-1241.2458909957122,-0.12652863312902266
8.27,-27.16167891321978,-829.9401890150488,-0.08460144638277765
8.28,-11.554539540933234,-353.0553748618488,-0.03598933484830263
8.290000000000001,-2.525424374697317,-77.16574478241802,-0.007866029029808156
8.3,-3.8960549479194695,-119.04612340865044,-0.012135180775601473
8.31,-11.14302050491482,-340.48118209461944,-0.03470756188528231
8.32,-15.053529950542934,-459.96897071103405,-0.04688776459847442
8.33,-8.708550397277632,-266.0945954723721,-0.02712483134274945
8.34,6.545367240846372,199.99733235919467,0.020387087906136053
8.35,21.940376793341915,670.4004020187807,0.06833847115380028
8.36,26.32013465043645,804.2263365411137,0.08198025856688212
8.370000000000001,14.694071474482566,448.9855172758562,0.045768146511300324
8.38,-6.387741418227974,-195.1809877791881,-0.019896125155880538
8.39,-23.527263340723557,-718.8886020776642,-0.07328120306602082
8.4,-25.434931088745053,-777.1784499338765,-0.07922308358143491
8.41,-12.262879957344106,-374.69910980773653,-0.03819562791108425
8.42,0.999258111237423,30.53288673225459,0.003112424743349092
8.43,-7.572520186688919,-231.3825612599392,-0.023586397681950987
8.44,-52.92335075307385,-1617.1023841217009,-0.16484224099099906
8.45,-130.1876502667194,-3977.9559803719812,-0.4055000999359818
8.46,-210.8551061181776,-6442.794909166537,-0.6567578908426643
8.47,-255.3025704700587,-7800.911875474016,-0.7951999873062198
8.48,-231.96257354389,-7087.745302729972,-0.722502069595308
8.49,-134.63679754253815,-4113.90214713311,-0.41935801703701425
8.5,10.463046079335507,319.7041857574738,0.03258962138200548
8.51,155.87802855891914,4762.939761522529,0.48551883399821905
8.52,253.82232449577734,7755.682137370974,0.7905894125760422
8.53,278.04704363203564,8495.881888756643,0.8660430059894642
8.540000000000001,233.9264579098442,7147.752880578572,0.7286190500080094
8.55,153.0014176884669,4675.04331825871,0.4765589519122029
8.56,74.78824247080773,2285.196297719125,0.23294559609777016
8.57,27.30656983728878,834.3674116949348,0.0850527432920423
8.58,16.03795822747668,490.04872361734294,0.04995399833000438
8.59,26.02099400274145,795.0859278615443,0.08104851456284855
8.6,35.85645390064322,1095.6138691863205,0.11168337096700515
8.61,31.24594213871829,954.737120905281,0.09732284616771468
8.620000000000001,11.174044965716698,341.42915173023243,0.0348041948756608
8.63,-12.018502800891083,-367.2320300272275,-0.037434457699003824
8.64,-25.097985995539034,-766.8829054192482,-0.07817358872775211
8.65,-21.89736772204886,-669.0862359514929,-0.06820450927130406
8.66,-7.726089273486,-236.07495002318333,-0.024064724773005437
8.67,5.8655021467901935,179.22367670747812,0.018269487941638952
8.68,10.11598665949835,309.0995923735607,0.0315086230757962
8.69,3.5719477828784414,109.1428489212857,0.011125672672913936
8.700000000000001,-6.550168257740064,-200.14403009761307,-0.02040204180403803
8.71,-11.381618009179267,-347.7716613915887,-0.035450730009336254
8.72,-5.690431079858906,-173.8742829956888,-0.017724187869081427
8.73,7.389965754888736,225.8045091771558,0.023017788906947584
8.74,18.976841544854928,579.8479360927894,0.05910784261904071
8.75,21.227940864939963,648.631526428721,0.06611942165430387
8.76,12.633696403139421,386.02961231814896,0.0393506230701477
8.77,-1.4724775156759624,-44.992368534543296,-0.004586378036141009
8.78,-12.108279945391345,-369.9752205536244,-0.037714089760817984
8.790000000000001,-14.812908597228702,-452.6166515819881,-0.04613829271987646
8.8,-10.452211313693109,-319.37312347395607,-0.03255587395249297
8.81,-6.626933811477991,-202.48964423960527,-0.020641146201794625
8.82,-9.68271787062645,-295.86082382469704,-0.030159105384780532
8.83,-21.472721781514334,-656.110943324049,-0.06688184947238013
8.84,-35.66615003191777,-1089.799028753043,-0.1110906247454682
8.85,-44.07703537823082,-1346.7983032237194,-0.13728830817774917
8.86,-40.766575982165485,-1245.645377232834,-0.12697710267409115
8.870000000000001,-27.072187775977284,-827.2057375993058,-0.08432270515793128
8.88,-11.477190973569762,-350.6919464146316,-0.0357484145172917
8.89,-2.414080593059993,-73.76357367683312,-0.007519222597026821
8.9,-3.8377133300154123,-117.26346286158203,-0.011953462065400818
8.91,-11.042572645142856,-337.4119419349206,-0.03439469336747407
8.92,-15.078838129557123,-460.7422761809121,-0.04696659288286566
8.93,-8.656593868229105,-264.507034862556,-0.026963000495673396
8.94,6.5709327993736615,200.7785022030841,0.0204667178596416
8.950000000000001,21.969549292418037,671.2917839349956,0.06842933577319017
8.96,26.110847063012862,797.8314380365041,0.08132838308221245
8.97,14.810145561197082,452.5322254810219,0.04612968659337634
8.98,-6.440636207656857,-196.79721745618173,-0.02006087843590028
8.99,-23.630586958253364,-722.0457126132972,-0.07360302880869492
9.0,-25.429400025133805,-777.0094452124218,-0.07920585578108276
9.01,-12.202425250887071,-372.8518826659938,-0.03800732748888826
9.02,1.0687518935877625,32.656307859626075,0.0033288794963940954
9.03,-7.535774865375546,-230.25978755314168,-0.023471945724071526
9.040000000000001,-53.013938225923425,-1619.8703346809934,-0.16512439701131432
9.05,-130.19029788032518,-3978.0368796766024,-0.4055083465521511
9.06,-210.8750780288624,-6443.405161993017,-0.656820098062489
9.07,-255.28651513920292,-7800.421295920089,-0.795149979196747
9.08,-231.8000834896701,-7082.78032885103,-0.7219959560500541
9.09,-134.58400061013492,-4112.2889075319,-0.41919356855574924
9.1,10.56237109978352,322.7391169378298,0.03289899255227623
9.11,155.9063110945072,4763.803950109942,0.48560692661671173
9.120000000000001,253.83879917853824,7756.185530455335,0.7906407268557936
9.13,277.9666385391325,8493.425066473492,0.8657925653897545
9.14,233.9724480166717,7149.158133842746,0.7287622970278028
9.15,153.2005658748469,4681.128401731432,0.47717924584418264
9.16,75.00395435914399,2291.7874943071774,0.23361748158075205
9.17,27.34416824535017,835.5162519412551,0.08516985238952651
9.18,16.004450753634224,489.0248841388235,0.04984963141068537
9.19,26.225364796861413,801.3305910152098,0.08168507553671864
9.200000000000001,35.872809140082296,1096.1136126136257,0.11173431321239814
9.21,31.101813473814016,950.3331894776504,0.09687392349415397
9.22,11.185029552208084,341.76479187302476,0.034838408957494876
9.23,-11.830400750889321,-361.48446738828477,-0.03684856956047755
9.24,-24.986439749990964,-763.4745479163905,-0.0778261516734343
9.25,-22.041858507204015,-673.5012321645671,-0.06865455985367656
9.26,-7.893362196620779,-241.18606711896823,-0.024585735690006955
9.27,5.92803308480284,181.13434425786457,0.018464255276031048
9.28,10.254411591679663,313.32924307910076,0.03193978013038744
9.290000000000001,3.7921376774339817,115.87087347714943,0.011811505960973438
9.3,-6.556696987644618,-200.34351906691887,-0.020422377071041678
9.31,-11.303132210264682,-345.3734842025319,-0.03520626750280652
9.32,-5.535477610102446,-169.13959364201918,-0.01724154879123539
9.33,7.443031585981894,227.42596512722452,0.023183074936516262
9.34,18.836840098128466,575.5701141094809,0.05867177513858113
9.35,21.185940064600732,647.3481686405779,0.06598860026917205
9.36,12.537653876009173,383.0949795447247,0.039051475998442886
9.370000000000001,-1.330167083210636,-40.64399420921388,-0.004143118675760844
9.38,-12.208719715791792,-373.04421353808254,-0.03802693308237335
9.39,-14.873414217485857,-454.4654344231789,-0.04632675172509469
9.4,-10.43499520560879,-318.8470757269352,-0.032502250328943445
9.41,-6.611517993849223,-202.01860536761512,-0.02059313000689247
9.42,-9.621572266165998,-293.9924859106277,-0.029968652998025248
9.43,-21.446618578802227,-655.3133454634013,-0.06680054489942928
9.44,-35.69534406841981,-1090.6910687572718,-0.1111815564482438
9.450000000000001,-43.96460590623648,-1343.3629582461144,-0.13693812010663756
9.46,-40.575382607185745,-1239.8033574417866,-0.1263815858758192
9.47,-27.195001206036384,-830.958370184445,-0.08470523651217585
9.48,-11.551085877536922,-352.94984625807257,-0.035978577600211274
9.49,-2.6314457744878985,-80.4052875537969,-0.008196257650743822
9.5,-3.9610362757823094,-121.03166398223722,-0.012337580426323876
9.51,-10.976257840219448,-335.3856562289276,-0.034188140288371825
9.52,-15.24881472347227,-465.93600543943046,-0.04749602501930993
9.53,-8.626866361073612,-263.5986943661381,-0.02687040717289889
9.540000000000001,6.615752508317462,202.14799330970024,0.020606319399561698
9.55,22.001968247129742,672.2823631067421,0.06853031224329685
9.56,26.236244744726285,801.6630338666364,0.08171896369690483
9.57,14.813456644548337,452.63339747231026,0.0461399997423354
9.58,-6.3309148572309555,-193.44462063761253,-0.019719125447259178
9.59,-23.63001748533391,-722.0283120518694,-0.07360125505115896
9.6,-25.51988433752424,-779.774243646574,-0.07948769048385056
9.61,-12.389348187683348,-378.56341684588006,-0.038589543001618765
9.620000000000001,0.8905834833416483,27.212273102105918,0.0027739320185632944
9.63,-7.580933766289331,-231.63964285884063,-0.023612603757272234
9.64,-53.02342029934737,-1620.1600647022808,-0.165153931162312
9.65,-130.23127538389778,-3979.2889700635433,-0.40563598063848555
9.66,-210.78679419826514,-6440.707600502546,-0.6565451172785469
9.67,-255.30188635588814,-7800.890971985471,-0.7951978564715058
9.68,-231.83358138551702,-7083.8038756685755,-0.7221002931364501
9.69,-134.50061098133577,-4109.74089109637,-0.41893383191604183
9.700000000000001,10.552852721225708,322.44827759300773,0.03286934532038815
9.71,155.87019622680612,4762.70044026352,0.4854944383550989
9.72,253.86891599267688,7757.105766442904,0.7907345327668607
9.73,277.96279103588273,8493.307503874194,0.8657805814346783
9.74,234.07047364037024,7152.153361233534,0.7290676209208495
9.75,153.0935379915476,4677.858105297288,0.4768458822933015
9.76,74.90545396111752,2288.777759923035,0.233310678891237
9.77,27.354923393172836,835.8448814580588,0.08520335183058704
9.78,16.04705857567508,490.3267898122941,0.04998234350787911
9.790000000000001,26.172065187341914,799.7019918354473,0.08151906134917913
9.8,36.00153298947132,1100.0468413449569,0.11213525395973056
9.81,30.864007101579485,943.066883659373,0.09613321953714302
9.82,11.312138812808652,345.648685946931,0.03523432068776055
9.83,-11.925264869268554,-364.38309322765025,-0.037144046200575966
9.84,-25.042360195884434,-765.1832282075799,-0.0780003290731478
9.85,-22.034782245670005,-673.285013062139,-0.0686325191704525
9.86,-7.836651574194882,-239.4532425448436,-0.024409097099372435
9.870000000000001,5.828633938671267,178.0971481260665,0.01815465322385999
9.88,10.318494194182925,315.2873226000338,0.03213938048930008
9.89,3.852334382323483,117.71021723766198,0.011999002776520079
9.9,-6.389029765924892,-195.22035395881613,-0.019900138018227945
9.91,-10.93141324241706,-334.0154046294101,-0.034048461226239564
9.92,-4.858268898446815,-148.44710523031935,-0.015132222755384235
9.93,8.654468877373768,264.44210458642067,0.02695638171115399
9.94,21.08656993143311,644.3118590160117,0.06567908858471067
9.950000000000001,24.787900340124036,757.4080659482344,0.07720775391928994
9.96,18.526027082778075,566.0730497515523,0.05770367479628464
9.97,7.53166468465667,230.1341986978427,0.0234591435981491
9.98,0.07454161222147765,2.2776603734340393,0.0002321774080972517
9.99,-4.045020793397192,-123.59785757602529,-0.012599169987362414
