Time (s),Acceleration_mm_s2,Velocity_mm_s,Displacement_mm
0.0,355.89433591416446,0.0,0.0
0.01,598.7005097417829,4.772974228279737,0.023864871141398684
0.02,745.3588741990925,11.493271147984114,0.10519609802271793
0.03,167.64745144720396,16.058302776215598,0.2429539676437165
0.04,-1813.23103476748,7.8303848596142185,0.3623974058228656
0.05,-4969.508244114447,-26.083311534795413,0.27113277244695966
0.06,-8227.110002229305,-92.06640276651417,-0.31961579905958826
0.07,-10038.836968324897,-183.39613761928518,-1.696928500988585
0.08,-9142.913848114678,-279.3048917014831,-4.010433647592427
0.09,-5304.281561732938,-351.5408687507212,-7.164662449853449
0.1,429.45568171102417,-375.91499815083074,-10.801941784361208
0.11,6177.278238287749,-342.8813285508369,-14.395923417869547
0.12,10042.244114752251,-261.7837167856369,-17.419248644551917
0.13,10999.58427724472,-156.57457482565206,-19.511040102608362
0.14,9247.288794248798,-55.34020946818448,-20.570614024077546
0.15,6050.239334443434,21.14743117527668,-20.741577915542084
0.16,2966.42404929802,66.23074809398395,-20.304687019195782
0.17,1077.2125095963002,86.44893088845555,-19.541288624283585
0.18,639.5892740491456,95.03293980668278,-18.633879270807892
0.19,1028.5463190228686,103.37361777204285,-17.641846482914264
0.2,1420.8234986063655,115.62046686018903,-16.546876059753103
0.21,1220.1532636060344,128.82535067125102,-15.324646972095902
0.22,451.6469619561119,137.18435179906174,-13.994598459744338
0.23,-474.32062244742536,137.07098349660518,-12.623321783266004
0.24,-987.9321812469682,129.7597194781332,-11.289168268392311
0.25,-869.5802943314732,120.47215710024099,-10.03800888550044
0.26,-311.3063822032309,114.56772371756747,-8.862809481411398
0.27,235.3939949235084,114.18816178116886,-7.719030053917717
0.28,400.0442883500671,117.36535319753673,-6.5612624790241885
0.29,147.50527320503082,120.10310100531223,-5.3739202080099435
0.3,-258.8501133761075,119.54637680445684,-4.1756728189610985
0.31,-449.5892968467597,116.0041797533425,-2.997920036172102
0.32,-224.0048940169477,112.63620879902396,-1.8547180934102696
0.33,284.76466604034545,112.94000765914095,-0.7268370111194451
0.34,742.8217897009778,118.07793993784756,0.4282527268654974
0.35,837.4796609948654,125.97944719132677,1.648539662511369
0.36,500.4384047646759,132.66903752012448,2.9417820860686255
0.37,-55.24407238590567,134.89500918201833,4.27960231957934
0.38,-485.2380602544053,132.19259851881677,5.615040358083515
0.39,-575.9172648791929,126.88682189314878,6.910437460143343
0.4,-415.3305643179689,121.93058274716297,8.154524483344902
0.41,-264.0184556597539,118.53383764727435,9.356846585317088
0.42,-381.1980203629767,115.3077552671607,10.526054549889263
0.43,-839.6982241156018,109.20327404476781,11.648609696448906
0.44,-1412.3184203052774,97.94319082266341,12.684342020786062
0.45,-1738.364198458099,82.18977772884652,13.585006863543612
0.46,-1605.3126045962788,65.47139371357463,14.323312720755718
0.47,-1073.557861713915,52.07704138202366,14.91105489623371
0.48,-453.1107049825873,44.44369854854115,15.393658595886533
0.49,-97.7797620947301,41.68924621315456,15.824323319695011
0.5,-154.53829822390884,40.42765591156137,16.23490783031859
0.51,-446.1792790832496,37.424068025025576,16.624166450001525
0.52,-590.1882804475807,32.24223022737142,16.97249794126351
0.53,-340.38888451503084,27.589344402558364,17.27165581441316
0.54,265.715235404373,27.215976157005073,17.545682417210976
0.55,867.9952127775109,32.884528397914494,17.846184939985573
0.56,1034.3657760984029,42.396333342294064,18.222589248686617
0.5700000000000001,577.2974718149104,50.45464958186063,18.68684416330739
0.58,-254.84958773757725,52.066889002247294,19.19945185622793
0.59,-936.3588738697956,46.11084669421043,19.69034053471022
0.6,-1005.2792443352896,36.402656103185,20.1029080486972
0.61,-481.17138105187297,28.97040297624919,20.429773344094368
0.62,44.65589571660416,26.787825549572844,20.70856448672348
0.63,-297.88696045691535,25.521670225871286,20.970111965600697
0.64,-2098.4048597343062,13.540211124915178,21.16542137235463
0.65,-5145.524182460834,-22.67943408606052,21.119725257548904
0.66,-8329.385584577127,-90.05398292125032,20.55605817251235
0.67,-10099.092134104088,-182.1963715146564,19.19480640033282
0.68,-9171.86829497887,-278.5511736600712,16.89106867445918
0.6900000000000001,-5330.079022494154,-351.0609102474363,13.743008254921644
0.7000000000000001,412.27356650669697,-375.6499375273736,10.109454016047595
0.71,6168.920008563428,-342.743969652023,6.517484480150612
0.72,10038.678649883506,-261.70597635978834,3.4952347500915555
0.73,10994.228324223572,-156.54144148925295,1.4039976608463487
0.74,9252.047011464809,-55.31006481081104,0.3447401293460288
0.75,6058.264603497476,21.241493264000383,0.17439727161197552
0.76,2964.0803561316206,66.35321806214586,0.6123708282427067
0.77,1089.6173824303685,86.6217067549558,1.3772454523282152
0.78,633.4753180127839,95.23717025717156,2.286539837388852
0.79,1033.1555235141866,103.5703244648064,3.2805773109987415
0.8,1426.9427900607782,115.87081603268123,4.37778301348618
0.81,1227.978915563999,129.1454245608051,5.602864216453612
0.8200000000000001,441.5228882469716,137.49293357985997,6.936056007156937
0.8300000000000001,-467.2257584045134,137.36441922907227,8.310342771201597
0.84,-987.8860850754056,130.08886001167266,9.64760916740532
0.85,-872.5100718205315,120.78687922719298,10.901987863599649
0.86,-311.933643489088,114.86466065064488,12.080245562988837
0.87,231.4595222702825,114.46229004455085,13.226880316464817
0.88,402.16670100332817,117.63042116091891,14.387343872492165
0.89,154.06188305972492,120.41156408123418,15.577553798702931
0.9,-262.176242948674,119.87099228178943,16.77896658051805
0.91,-439.5836146922039,116.36219299358504,17.960132506894922
0.92,-222.54949448253348,113.05152744771135,19.107201109101403
0.93,285.8493614839404,113.36802678271839,20.239298880253553
0.94,745.0844338403533,118.52269575933985,21.398752492963844
0.95,839.9295969841031,126.44776591346213,22.623604801327854
0.96,492.95858126254313,133.11220680469538,23.92140466491864
0.97,-51.43857624687042,135.31980682977374,25.263564733090984
0.98,-486.0291794218944,132.63246805142992,26.603326107497004
0.99,-578.9922464198497,127.3073609222212,27.90302525236526
1.0,-413.8394974345295,122.34320220294931,29.151278067991115
1.01,-257.739590691731,118.985306762318,30.357920612817452
1.02,-386.7415916894698,115.762900850412,31.5316616508811
1.03,-846.2638890620358,109.59787344665446,32.658465522366434
1.04,-1409.7146331473184,98.31798083560768,33.69804479377775
1.05,-1740.2897978667288,82.56795868053744,34.60247449135847
1.06,-1607.370744993607,65.82965596623576,35.344462564592334
1.07,-1075.8099181911905,52.41375265031178,35.93567960767507
1.08,-449.6477587953952,44.78646426537885,36.421680692253524
1.09,-98.81748861415844,42.044138028331076,36.85583370372208
1.1,-161.05785269320685,40.74476132179425,37.2697782004727
1.11,-436.68731220338367,37.756035497311295,37.66228218456823
1.12,-595.1697044285473,32.59675041415164,38.01404611412554
1.13,-345.2763912928347,27.894519935544732,38.316502465874024
1.14,264.91691742608737,27.492722566210997,38.5934386783828
1.15,870.9708125019002,33.172161215850934,38.89676309729311
1.16,1037.4965642963425,42.714498099842146,39.27619639387157
1.17,581.3078449457466,50.808520146052594,39.74381148510105
1.18,-251.59080804118875,52.45710533057538,40.26013961248419
1.19,-938.3579881216708,46.507361349761084,40.75496194588587
1.2,-1009.164826667008,36.76974727581769,41.17134748901376
1.21,-488.2943581862242,29.28245135155153,41.50160848215061
1.22,42.10676451423964,27.051513383191605,41.783278305824325
1.23,-297.47059730758883,25.77469421922486,42.04740934383641
1.24,-2101.5051208906443,13.779815628233694,42.2451818930737
1.25,-5145.828008418463,-22.45685001831184,42.20179672112331
1.26,-8332.884333260934,-89.85041172670883,41.640260412398206
1.27,-10100.787106220096,-182.01876892411397,40.28091450914409
1.28,-9173.07675981422,-278.38808825428555,37.97888022325209
1.29,-5322.255793108298,-350.8647510188981,34.83261602688617
1.3,413.09107472819016,-375.4105746107987,31.201239398737687
1.31,6167.382513174706,-342.5082066712842,27.611645492327273
1.32,10035.321901423997,-261.4946845982907,24.5916310359794
1.33,10996.411679327126,-156.3360166945351,22.50247752951527
1.34,9249.509002743294,-55.10641328418299,21.44526537962168
1.35,6053.686618406507,21.409564821566008,21.276781137308596
1.36,2965.258335604356,66.5042895916203,21.716350409374527
1.37,1092.5821778778657,86.79349215903142,22.482839318127787
1.38,635.5229698063957,95.43401789745272,23.39397686841021
1.39,1038.338766765108,103.80332658031024,24.390163590799023
1.4,1423.589090005625,116.11296586416391,25.489745053021394
1.41,1233.177611175314,129.3967993700686,26.717293879192557
1.42,442.8038613483129,137.77670673268673,28.053161409706334
1.43,-470.69293359832574,137.63726137143667,29.43023125022695
1.44,-980.4775252946904,130.38140907697158,30.77032460246899
1.45,-867.7233659769253,121.1404046206135,32.02793367095691
1.46,-316.3886033755115,115.2198447738513,33.20973491792924
1.47,238.4417548054048,114.83011053100077,34.3599846944535
1.48,398.56005389225743,118.01511957448908,35.52421084498095
1.49,150.63725385504063,120.76110611322557,36.718091973419526
1.5,-259.36480801751594,120.21746834241318,37.92298484569772
1.51,-444.6912637727428,116.69718798346189,39.107558127327096
1.52,-223.57628195588848,113.35585025481873,40.2578233185185
1.53,292.86089755585624,113.70227333281858,41.393113936456686
1.54,745.9940853307857,118.89654824725179,42.55610804435704
1.55,834.1567206076463,126.79730227694395,43.784577296978014
1.56,499.331845276268,133.46474510636352,45.08588753389455
1.57,-53.12185365619067,135.6957950644639,46.431690234748686
1.58,-484.54200178605856,133.00747578725267,47.77520658900727
1.59,-583.7520270200407,127.66600564322218,49.07857399615964
1.6,-416.7034467118189,122.66372827456289,50.330222665748565
1.61,-263.1907472195449,119.26425730490607,51.53986259364591
1.62,-382.56905184488096,116.03545830958394,52.716361171718354
1.63,-841.579580080343,109.91471514995783,53.84611203901606
1.64,-1416.3781864777725,98.62492631716725,54.88881024635169
1.65,-1739.0401397418227,82.84783468606928,55.79617405136787
1.66,-1605.7631076880566,66.12381844891988,56.54103231704281
1.67,-1077.1981018532545,52.70901240121332,57.135196471293476
1.68,-457.5515716951487,45.03526403347131,57.6239178534669
1.69,-97.7085962175872,42.258963193907626,58.060388989603794
1.7,-155.58797753121027,40.99248032516364,58.47664620719915
1.71,-438.28088079973656,38.023136033508905,58.87172428899252
1.72,-597.290757980357,32.845277839608435,59.2260663583581
1.73,-345.91541340901205,28.12924698266159,59.53093898246945
1.74,257.3267348424465,27.686303589828764,59.8100167353319
1.75,868.7150866088353,33.31651269708517,60.11503081676647
1.76,1039.92270884163,42.8597016743375,60.49591188862358
1.77,585.9712256303584,50.98917134669745,60.96515625372876
1.78,-246.9966468942628,52.68404424037792,61.48352233166413
1.79,-940.2207723331044,46.747957144241084,61.98068233858723
1.8,-1003.0813264528978,37.031446650311075,62.39957935755999
1.81,-486.5636554728118,29.583221740682525,62.73265269951496
1.82,43.047217731799286,27.365639551977463,63.01739700597826
1.83,-305.5067064323404,26.05334210847476,63.28449191428052
1.84,-2106.0957530559367,13.995329811033374,63.484735273878066
1.85,-5145.510801778266,-22.26270296313764,63.443398408117545
1.86,-8340.049226272566,-89.6905031033918,62.8836323777849
1.87,-10099.312578554827,-181.8873121275288,61.52574330163029
1.88,-9168.95666376367,-278.2286583391213,59.22516344929704
1.89,-5325.915949255076,-350.703021404215,56.08050505058036
1.9,419.2970838875646,-375.23611573105256,52.450809364904025
1.91,6158.741582129834,-342.34592240096555,48.862899174243935
1.92,10041.223870103064,-261.34609513980104,45.844439086540106
1.93,10996.8736065493,-156.1556077565392,43.75693057205841
1.94,9249.94090943442,-54.92153517662062,42.70154485739261
1.95,6056.378173402251,21.610060237562735,42.534987482697325
1.96,2962.7502659684146,66.70570243441607,42.97656629605722
1.97,1089.3691582093277,86.96629955530477,43.74492630600582
1.98,636.7477486829575,95.5968840897662,44.65774222423118
1.99,1029.2145006772323,103.92669533656715,45.65536012136285
2.0,1425.2142052598256,116.19883886625244,46.75598779237694
2.01,1231.7252610216008,129.4835361976596,47.9843996676965
2.02,446.9655330409983,137.8769901679726,49.321202299524664
2.03,-466.9701992010265,137.77696683717247,50.699472084550386
2.04,-984.9457661417068,130.5173870104588,52.04094385378854
2.05,-860.3593838678912,121.29086126041082,53.29998509514289
2.06,-315.90776847121134,115.40952549871531,54.48348702893852
2.07,234.843100586724,115.00420215929287,55.63555566722856
2.08,399.56929133253954,118.1762641188892,56.80145799861947
2.09,145.28583985354132,120.90053977481959,57.99684201808801
2.1,-254.4860836986973,120.3545385555938,59.203117409740074
2.11,-445.94658375705313,116.85237521831505,60.38915197860962
2.12,-219.2095034631046,113.52659478221426,61.54104682861227
2.13,289.97118719542084,113.88040320087585,62.678081818527716
2.14,742.4913842678836,119.04271605819237,63.84269741482306
2.15,830.9817254694906,126.91008160687925,65.07246140314841
2.16,494.45683137456655,133.53727439109954,66.3746981831383
2.17,-57.42550706604417,135.72243101264215,67.72099671015701
2.18,-482.6300930881851,133.022153011871,69.06471963027957
2.19,-583.7426866986028,127.69028911293707,70.3682818409036
2.2,-416.3350323371944,122.68990051775808,71.62018278905708
2.21,-262.3659294952828,119.2963957085957,72.83011427018886
2.22,-382.0781647651482,116.07417523729355,74.0069671249183
2.23,-839.8011894990256,109.96477846597267,75.13716189343464
2.24,-1409.3369650457637,98.71908769324872,76.18058122423075
2.25,-1732.4551655998068,83.01012704002088,77.0892272978971
2.26,-1609.8164553919569,66.29876893506206,77.83577177777251
2.27,-1067.5981887832563,52.91169571418599,78.43182410101875
2.28,-453.02723563141086,45.30856859211265,78.92292542255024
2.29,-103.49220081972618,42.525971409856965,79.36209812256008
2.3000000000000003,-161.30635374385847,41.20197863703904,79.78073787279456
2.31,-440.6611795712081,38.19214097046371,80.17770847083207
2.32,-596.4858858323818,33.00640564344576,80.53370120390161
2.33,-345.614471071343,28.295903858927137,80.84021275141347
2.34,260.8808656826958,27.8722358319839,81.12105344986803
2.35,868.293123675498,33.51810577877487,81.42800515792182
2.36,1040.07174572313,43.059930125768005,81.81089533744453
2.37,582.3318975468089,51.1719483421177,82.28205472978397
2.38,-253.1588250027804,52.817813704837846,82.80200354001875
2.39,-933.3229888743692,46.8854046354521,83.30051963172019
2.4,-1005.9767493502162,37.18890594432917,83.72089118461909
2.41,-478.6898196937639,29.765573099109268,84.05566357983628
2.42,44.91889411264543,27.596718471203676,84.34247503768785
2.43,-295.15816246635615,26.34552212943512,84.61218624069105
2.44,-2098.647768866313,14.376492472771774,84.81579631370208
2.45,-5142.663640528893,-21.830064574204258,84.77852845319492
2.46,-8343.946292516772,-89.26311423943258,84.22306255912675
2.47,-10103.912737700077,-181.50240939051685,82.869234940977
2.48,-9165.30835027276,-277.848514830381,80.57248031987251
2.49,-5321.988541324249,-350.28499928836607,77.43181274927878
2.5,417.64391754624125,-374.80672240725613,73.80635414080066
2.51,6166.580794709852,-341.88559884597566,70.22289253453451
2.52,10043.21215635655,-260.83663409064366,67.20928136985141
2.53,10994.002483991891,-155.65056088890145,65.12684539495369
2.54,9253.178988466858,-54.41465352660771,64.07651932287615
2.5500000000000003,6057.3656570949925,22.138069701201545,63.91513640374912
2.56,2964.2756177913934,67.24627607563347,64.3620581326333
2.57,1083.6514020206257,87.48591117469357,65.13571906888492
2.58,631.8105792344271,96.06322108096883,66.05346473016324
2.59,1034.636491660494,104.39545643544344,67.0557581177453
2.6,1429.5110832537036,116.71619431001443,68.1613163714726
2.61,1230.3220649930786,130.01536005124834,69.3949741432789
2.62,440.589337483704,138.36991706363224,70.7369005288533
2.63,-476.4287933306848,138.19071978439734,72.11970371309344
2.64,-991.21918993521,130.85247986806786,73.46491971135578
2.65,-866.4438515632277,121.56416466057567,74.72700293399899
2.66,-308.11018553941256,115.69139447506247,75.91328072967718
2.67,237.95590023661583,115.34062304854848,77.06844081729524
2.68,401.2213811352824,118.53650945540797,78.23782647981503
2.69,149.1114084217533,121.28817340319314,79.43694989410804
2.7,-256.2355550238703,120.75255267018255,80.64715352447492
2.71,-446.16173402562976,117.24056622493505,81.83711911895051
2.72,-222.26907399502687,113.89841218483177,82.99281401099934
2.73,290.9232804047086,114.24168321688018,84.1335144880079
2.74,751.2964188428593,119.45278171311801,85.3019868126579
2.75,839.3949912801398,127.40623876373301,86.53628191504215
2.76,494.0926964300136,134.0736772022838,87.84368149487224
2.77,-54.34910539254136,136.27239515747115,89.19541185667102
2.78,-480.2396203355664,133.59945152883063,90.54477109010253
2.79,-579.9127151466926,128.29868985141934,91.85426179700377
2.8000000000000003,-418.6850189511497,123.30570118093013,93.11228375216552
2.81,-260.3924941879524,119.91031361523461,94.32836382614634
2.82,-384.0667937947484,116.68801717532111,95.51135548009913
2.83,-841.943210422074,110.55796715423699,96.64758540174692
2.84,-1408.5683931548078,99.30540913635258,97.69690228319988
2.85,-1739.734224852204,83.56389604631752,98.61124880911322
2.86,-1606.9023449113251,66.83071319749988,99.36322185533231
2.87,-1071.863205353078,53.43688544617786,99.9645598485507
2.88,-452.1477401187765,45.816830718818586,100.4608284293757
2.89,-97.38863558197212,43.069148840314845,100.90525832717137
2.9,-157.10879671350304,41.79666167883747,101.32958737976713
2.91,-446.7485217433277,38.77737508655331,101.73245756359408
2.92,-590.04387336764,33.593413110998476,102.09431150458184
2.93,-344.6465164931983,28.919961161694285,102.4068783759453
2.94,259.68432918013247,28.495150225128956,102.69395393287941
2.95,869.0773041804301,34.138958391931766,103.00712447596472
2.96,1037.772429701732,43.67320706134258,103.39618530323109
2.97,583.3381851876363,51.778760135789426,103.87344513921676
2.98,-252.9090894180616,53.4309056146373,104.3994934679689
2.99,-930.7077596498956,47.51282136929751,104.90421210288856
3.0,-1002.9729541811636,37.84441780014222,105.33099829873576
3.01,-485.80117798346015,30.400547139319098,105.67222312343307
3.02,50.21188830757919,28.222600690939693,105.96533886258436
3.03,-297.08374076822224,26.988241428636478,106.24139307318224
3.04,-2101.432445559933,14.9956604969957,106.4513125828104
3.0500000000000003,-5144.199464218171,-21.232499051894816,106.42012839003591
3.06,-8338.901072800383,-88.6480017369876,105.8707258860915
3.0700000000000003,-10099.420410731696,-180.83960915464797,104.52328783163333
3.08,-9178.682870449078,-277.23012556055187,102.23293915805732
3.09,-5325.573228967949,-349.75140605763704,99.09803149996638
3.1,414.1862688176686,-374.3083408583884,95.47773276538625
3.11,6166.682034470219,-341.403999341949,91.89917106438456
3.12,10038.744755742053,-260.3768653908876,88.89026674072038
3.13,10995.148031373834,-155.20740145530814,86.8123454064894
3.14,9250.562608522134,-53.97884825582831,85.76641415793372
3.15,6052.911242432299,22.538520998943852,85.6092125216493
3.16,2962.593609674523,67.61604525947797,86.05998535294141
3.17,1081.7225241822543,87.83762592876187,86.83725370888261
3.18,629.7124670859434,96.39480088510285,87.75841584295193
3.19,1029.2650851128385,104.68968864609677,88.76383829060794
3.2,1422.5960700233736,116.94899442177783,89.87203170594731
3.21,1228.1979978231916,130.20296476101066,91.10779150186124
3.22,442.0050791164,138.5539801457086,92.45157622639483
3.23,-466.3309161815591,138.43235096038282,93.83650788192529
3.24,-985.3410576999736,131.17399109097516,95.18453959218208
3.25,-868.0555970091451,121.90700781742957,96.4499445867241
3.26,-316.3096161542962,115.98518175161237,97.6394055345693
3.27,233.7934411282997,115.5726008764824,98.79719444770978
3.28,409.3099595619557,118.78811787993368,99.96899804149187
3.29,152.66710605000088,121.59800320799346,101.17092864693151
3.3000000000000003,-259.13676927098373,121.06565489188854,102.38424693743093
3.31,-446.8816274915023,117.53556290807612,103.57725302643075
3.3200000000000003,-222.4354548444997,114.1889774963961,104.73587572845311
3.33,278.5806975875376,114.46970371011129,105.87916913448565
3.34,746.8602330043059,119.59690836307051,107.04950219485156
3.35,831.7700718934042,127.49005988755906,108.28493703610471
3.36,494.799830086832,134.12290939746023,109.5930018825298
3.37,-53.99810176313258,136.32691803907872,110.9452510197125
3.38,-480.777920149844,133.65303792951383,112.29515079955546
3.39,-576.2060851399197,128.368117903065,113.60525657871835
3.4,-418.3724125753148,123.39522541448883,114.86407329530613
3.41,-252.7596339002287,120.03956518211112,116.08124724828913
3.42,-381.4561059361652,116.86848648292914,117.26578750661433
3.43,-840.2717015326258,110.7598474455852,118.4039291762569
3.44,-1411.7844321378582,99.49956677723277,119.45522624737099
3.45,-1745.125122510032,83.71501900399332,120.37129917627712
3.46,-1611.229969697125,66.93324354295754,121.12454048901188
3.47,-1071.9414279039418,53.51738655495221,121.72679363950142
3.48,-455.2469385565912,45.88144472264955,122.22378779588944
3.49,-99.78133066175374,43.106303376557825,122.66872653638548
3.5,-156.6920373329895,41.82393653658411,123.0933777359512
3.51,-439.9406443757697,38.84077312804031,123.49670128427431
3.52,-590.5023967837577,33.68855792224267,123.85934793952572
3.53,-348.7414527515588,28.992338674566092,124.17275242250976
3.54,268.9218493098477,28.593240657357537,124.46068031916938
3.5500000000000003,867.0392697580286,34.273046252696915,124.77501175371965
3.56,1035.0591142430756,43.783538172702436,125.16529467584665
3.5700000000000003,580.8377045500769,51.863022266668196,125.64352747804351
3.58,-255.23114499992144,53.49105506441897,126.17029786469895
3.59,-935.9411416177312,47.535193631330706,126.6754291081777
3.6,-1000.1961434455404,37.85450720601435,127.10237761236442
3.61,-474.8483951251672,30.47928451316081,127.4440465709603
3.62,43.20928098756993,28.321088942472823,127.73804843823847
3.63,-302.9314268869062,27.022478212976143,128.0147662740157
3.64,-2099.8026468487456,15.008807844297884,128.22492270430206
3.65,-5144.034932603049,-21.210380052961085,128.19391484325874
3.66,-8334.92746820662,-88.60519205700943,127.64483698270888
3.67,-10093.735190676573,-180.7485053514254,126.29806849566671
3.68,-9164.714862294995,-277.0407556162832,124.00912219082817
3.69,-5321.119494919714,-349.46992740235675,120.87656877573497
3.7,418.9251071909713,-373.98089934100045,117.25931464201818
3.71,6169.402274805725,-341.039262431017,113.6842138331581
3.72,10041.724503454709,-259.9836285397148,110.67909937830444
3.73,10991.675919918876,-154.81662642284687,108.60509810349163
3.74,9252.7053831166,-53.594719907669486,107.56304137183905
3.75,6052.184139989017,22.92972770785859,107.40971641083999
3.76,2965.8118642762183,68.01970772918477,107.8644635880252
3.77,1087.3165749647435,88.28534992538958,108.64598887629808
3.78,630.8903786860747,96.87638469364367,109.57179754939324
3.79,1032.3801627414464,105.19273740078128,110.58214315986537
3.8,1421.3726136891016,117.46150128293402,111.69541435328395
3.81,1228.959161790288,130.71316016033097,112.93628766050027
3.82,441.52936933790295,139.0656028159719,114.28518147538179
3.83,-472.1587400101414,138.91245596261072,115.67507176927471
3.84,-988.0886473459652,131.6112190258302,117.02769014421692
3.85,-867.4288811300631,122.33363138345005,118.29741439626332
3.86,-317.49801420577893,116.40899690677084,119.49112753771442
3.87,233.9938719418181,115.99147619545103,120.65312990322553
3.88,400.5338318815072,119.16411471456766,121.82890785777563
3.89,147.46658486600288,121.90411679830521,123.03424901534
3.9,-255.42180190226048,121.36434071312392,124.25059130289713
3.91,-445.0566860117813,117.86194827355371,125.44672274783052
3.92,-220.2939403230652,114.53519514187947,126.60870846490769
3.93,291.3930635186514,114.8906907578574,127.75583789440638
3.94,749.3432023754164,120.09437208732774,128.9307632086323
3.95,836.9561073663754,128.0258686360367,130.17136441224912
3.96,499.3666904200616,134.7074826249689,131.48503116855414
3.97,-60.81844705757081,136.90022384178135,132.8430697008879
3.98,-481.5177458952001,134.1885428770175,134.1985135344819
3.99,-581.6036514134416,128.8729358904743,135.51382092831935
4.0,-413.2227435764828,123.89880391552468,136.77767962734933
4.01,-258.9957510677738,120.53771144230339,137.99986220413848
4.0200000000000005,-384.9401361353058,117.31803200628799,139.18914092138144
4.03,-841.4277565614628,111.18619254280415,140.3316620441269
4.04,-1409.0321338990998,99.93389309050133,141.3872624722934
4.05,-1742.7376523990176,84.17504415901074,142.30780715854095
4.0600000000000005,-1608.1282387082767,67.42071470347426,143.0657859528534
4.07,-1072.1494614857877,54.01932620250394,143.6729861573833
4.08,-453.1549014466111,46.39280438784195,144.17504681033503
4.09,-101.2700106564307,43.62067982732674,144.6251142314109
4.1,-158.83105126809926,42.32017451770409,145.05481850313603
4.11,-442.95503179077247,39.31124410240973,145.4629755962366
4.12,-594.8157578985115,34.12239015396331,145.83014376751845
4.13,-347.2213940131289,29.41220439440511,146.14781674026028
4.14,265.27970246782013,29.002495936678564,146.4398902419157
4.15,875.0010261328165,34.703899579681746,146.7584222194975
4.16,1037.6882376073793,44.26734589838273,147.15327844688784
4.17,587.4035024410344,52.3928045986248,147.63657919937287
4.18,-254.52969748212013,54.057173623419374,148.1688290904831
4.19,-933.292647060673,48.118061900705406,148.6797052681037
4.2,-1005.2646856712968,38.425275237045554,149.11242195379245
4.21,-487.8459313218557,30.95972215207979,149.45934694073807
4.22,43.33354512990111,28.737160221120018,149.75783135260406
4.23,-298.08689928695617,27.463393450334742,150.03883412096133
4.24,-2101.0300451219173,15.467808728290374,150.25349013185445
4.25,-5146.388678355277,-20.7692848890956,150.22698275105043
4.26,-8341.204562409866,-88.20725109292133,149.68210007114035
4.2700000000000005,-10099.248180918255,-180.40951480956193,148.33901624162795
4.28,-9172.411324564737,-276.7678123369769,146.05312960589526
4.29,-5320.88903135485,-349.2343141165748,142.9231189736275
4.3,415.5998841484589,-373.7607598526068,139.30814360378162
4.3100000000000005,6170.565510346383,-340.82993288013256,135.7351901401179
4.32,10034.18472780953,-259.806181689353,132.73200956727047
4.33,10991.786299635934,-154.67632655212572,130.65959702606307
4.34,9250.710993501703,-53.463840086437514,129.61889619287024
4.3500000000000005,6059.449972650397,23.086964744322984,129.46701181615967
4.36,2964.207026306429,68.20524973910712,129.9234728885768
4.37,1087.9967645161853,88.46626869322019,130.70683048073846
4.38,633.6846396349064,97.07467571397564,131.63453520277443
4.39,1031.1301982585207,105.39874990344278,132.6469023308615
4.4,1425.399495547298,117.68139837247188,133.76230307224108
4.41,1225.649580557562,130.9366437529962,135.00539328286843
4.42,443.75829130078216,139.28368311228792,136.35649491719485
4.43,-472.940115447598,139.13777399155384,137.74860220271407
4.44,-980.9679126827324,131.8682338509022,139.10363224192633
4.45,-870.0774341334807,122.61300711682112,140.37603844676494
4.46,-312.520938638966,116.70001525295889,141.57260355861385
4.47,240.1828980538509,116.33832505003332,142.73779526012882
4.48,404.83536510158194,119.56341636581048,143.91730396720803
4.49,142.307348231451,122.29912993247565,145.12661669869945
4.5,-262.9574547786388,121.69587939973971,146.34659174536054
4.51,-446.21579560375545,118.15001314782774,147.54582120809837
4.5200000000000005,-223.5720403174626,114.80107396822164,148.71057664367862
4.53,282.0332155203108,115.09337984423588,149.86004891274092
4.54,746.7095814606307,120.23709382914059,151.0367012811078
4.55,838.885527638659,128.16506937463703,152.2787120971267
4.5600000000000005,493.4057701134314,134.82652586339748,153.59367007331687
4.57,-50.80464048532615,137.039531511538,154.95300036019154
4.58,-483.16512596336486,134.36968267929456,156.3100464311457
4.59,-582.78527645551,129.03993066720017,157.62709449787818
4.6000000000000005,-413.885573272472,124.05657641856025,158.89257703330696
4.61,-260.50937962416265,120.68460165407708,160.11628292367016
4.62,-384.7751086020728,117.45817921294591,161.30699682800528
4.63,-834.5310084288423,111.36164862779133,162.45109596720897
4.64,-1411.738843084404,100.13029937022509,163.50855570719906
4.65,-1737.3097277104453,84.38505651625084,164.43113248663144
4.66,-1610.7715396477945,67.64465017945965,165.19128102010998
4.67,-1069.1908789817246,54.24483808631205,165.80072846143884
4.68,-452.78389236857385,46.63496422956056,166.3051274730182
4.69,-100.26139657668784,43.86973778483425,166.75765098309017
4.7,-154.1421538197268,42.59772003285217,167.1899882721786
4.71,-444.9505327247314,39.602256600129884,167.60098815534352
4.72,-603.2471002515268,34.36126843524859,167.9708057805204
4.73,-347.50555932430694,29.607505137369422,168.2906496483835
4.74,260.52017509537285,29.172578216224753,168.58455006515146
4.75,872.3332523903815,34.83684535365352,168.90459718300085
4.76,1038.0490710902905,44.38875697105688,169.3007251946244
4.7700000000000005,588.6085527166281,52.52204509009147,169.78527920493013
4.78,-253.7811356598415,54.1961821753754,170.31887034125748
4.79,-930.248436735303,48.27603431339968,170.83123142370135
4.8,-1006.4887636130678,38.59234831165782,171.26557333682663
4.8100000000000005,-486.5141087556608,31.12733394981418,171.614171748134
4.82,38.802300595808006,28.888774909014916,171.91425229242813
4.83,-299.31168701965413,27.586227976895685,172.1966273068577
4.84,-2096.7856033707126,15.605741524943852,172.4125871543669
4.8500000000000005,-5146.27882930452,-20.609580638432305,172.38756795879945
4.86,-8335.798188113666,-88.01996572552324,171.84442022697968
4.87,-10090.907640799716,-180.15349487009013,170.5035529240016
4.88,-9172.174104252785,-276.46890359535263,168.2204409316744
4.89,-5325.9531440282335,-348.9595398367577,165.09329871451385
4.9,415.61450109081375,-373.5112330514448,161.48094485007283
4.91,6162.784054523719,-340.6192402733721,157.91029248344876
4.92,10039.339700411185,-259.6086214986976,154.9091531745884
4.93,10996.798596828725,-154.42793001249805,152.8389704170324
4.94,9250.861059741086,-53.18963172964898,151.80088260832167
4.95,6060.117662047326,23.365261879293072,151.6517607590699
4.96,2963.713716471345,68.48441877188642,152.1110091623258
4.97,1085.475942115406,88.73036706482017,152.89708309150933
4.98,631.0498727302123,97.31299613904827,153.82729990752867
4.99,1027.2419804116266,105.60445540475746,154.8418871652477
5.0,1428.2398966871954,117.88186479025157,155.95931876622274
5.01,1226.2008445396918,131.154068496386,157.20449843265592
5.0200000000000005,446.29098358382976,139.5165276370036,158.55785141332288
5.03,-473.5928235995343,139.38001843692507,159.95233414369253
5.04,-986.6862199659892,132.07862321909747,161.30962735197264
5.05,-874.1185045096666,122.77459959671918,162.58389346605173
5.0600000000000005,-312.0724813074308,116.8436446676337,163.7819846873735
5.07,237.73843891190032,116.47197445565604,164.94856278298994
5.08,401.0937151301144,119.66613522586611,166.12925333139754
5.09,147.23470933222157,122.40777734817779,167.33962289426776
5.1000000000000005,-262.0658117332273,121.83362183617275,168.56082989018952
5.11,-445.0193493933751,118.29819603053974,169.76148897952308
5.12,-219.86125234133607,114.97379302186619,170.9278489247851
5.13,286.29660131478977,115.30596976673345,172.0792477387281
5.14,743.3306015419147,120.45410578101698,173.25804811646685
5.15,833.4119741335035,128.33781865939406,174.5020077386689
5.16,490.9494543136346,134.95962580162976,175.81849496097402
5.17,-57.44963545374966,137.12712489592917,177.17892871446182
5.18,-484.533908410966,134.4172071766056,178.5366503748245
5.19,-590.3606708364533,129.04273428036848,179.85395008210935
5.2,-416.8365400610172,124.00674822588113,181.1191974946406
5.21,-263.1699451658632,120.60671579974672,182.34226481476873
5.22,-386.5597252652594,117.35806744759111,183.53208873100542
5.23,-842.6946749208107,111.21179544666076,184.67493804547667
5.24,-1413.0102090394307,99.93327102685956,185.73066337784428
5.25,-1749.7229683545493,84.11960513988966,186.65092775867802
5.26,-1611.1396913720912,67.31529184125645,187.40810224358376
5.2700000000000005,-1073.2287844926511,53.89344946193274,188.0141459500997
5.28,-450.864765064749,46.272981714145736,188.5149781059801
5.29,-95.85323462397778,43.5393917157021,188.96403997312933
5.3,-158.5330788124813,42.26746014851981,189.39307423245043
5.3100000000000005,-441.6154856851759,39.266717326031525,189.80074511982318
5.32,-596.8088933163376,34.07459543102396,190.16745168360845
5.33,-348.4205929322271,29.348447999781136,190.48456690076247
5.34,258.4689027676298,28.89868954895815,190.77580258850617
5.3500000000000005,868.0202769781555,34.53113544768708,191.09295171348938
5.36,1037.6953590449025,44.05971362780237,191.48590595886682
5.37,584.0692634137995,52.168536740095874,191.9670472107063
5.38,-250.8891637019686,53.83443723865503,192.49706208060007
5.39,-935.1412902324728,47.90428496898282,193.00575569163826
5.4,-1011.0346307459184,38.17340536409087,193.43614414330364
5.41,-480.8122726639159,30.714170847041697,193.7805820243593
5.42,45.91745591726083,28.53969676330842,194.07685136241105
5.43,-300.3294182052504,27.26763695186847,194.35588803098693
5.44,-2098.1556139347226,15.275211791168605,194.56860227470213
5.45,-5146.920464087323,-20.950168598941627,194.54022749066326
5.46,-8337.075597981442,-88.37014890928546,193.9936259031221
5.47,-10100.057175510845,-180.5558127767469,192.64899609469194
5.48,-9170.65106627563,-276.9093539856793,190.3616702608798
5.49,-5323.784137846985,-349.38153000629234,187.23021584091995
5.5,418.9733407389296,-373.9055839918326,183.61378027092934
5.51,6161.412101792171,-341.0036567791771,180.0392340670743
5.5200000000000005,10042.183486175129,-259.9856788393406,177.0342873889817
5.53,10998.329787595634,-154.7831124704868,174.96044343243258
5.54,9254.68664060934,-53.51803032946192,173.91893771843283
5.55,6053.307643850861,23.021941092839086,173.7664572722497
5.5600000000000005,2966.426580450865,68.12061221434772,174.22217003878563
5.57,1084.1810997431476,88.37365061531779,175.00464135293396
5.58,630.2665930616083,96.94588907934157,175.93123905140726
5.59,1030.7524795366703,105.25098444233296,176.94222341901565
5.6000000000000005,1424.9269301274055,117.52938149065335,178.0561252486806
5.61,1222.1860894980175,130.76494658878048,179.29759688907777
5.62,444.6328590104061,139.09904133132258,180.6469168286783
5.63,-473.0297860703736,138.95705669602273,182.037197318815
5.64,-990.1003145673236,131.64140619283424,183.3901896332593
5.65,-864.7099546349336,122.36735484682295,184.6602334384576
5.66,-312.6534149077123,116.48053799910971,185.85447290268726
5.67,240.38977196046545,116.11921978437348,187.01747169160467
5.68,402.217392864308,119.33225560849735,188.19472906856902
5.69,149.48883071119525,122.09078672637486,189.40184428024338
5.7,-255.14934037739997,121.56248417804383,190.62011063476547
5.71,-448.31461525046126,118.04516439990452,191.8181488776552
5.72,-219.28448531634996,114.70716889707046,192.98191054414008
5.73,284.8408445026815,115.03495069300212,194.13062114209043
5.74,750.215153707579,120.21023068405341,195.3068470489757
5.75,837.1933474658846,128.14727318992072,196.54863456834556
5.76,495.8513980559025,134.81249691752967,197.8634334188828
5.7700000000000005,-48.94563731923593,137.047025721213,199.22273103207652
5.78,-475.3698489348748,134.42544828994244,200.5800934021323
5.79,-585.1471672693634,129.12286320892125,201.8978349596266
5.8,-411.1902480929536,124.14117613210966,203.16415515633176
5.8100000000000005,-257.62541641041264,120.79709780959283,204.38884652604028
5.82,-387.5080413788269,117.57143052064663,205.58068916769147
5.83,-839.4573958965966,111.4366033342695,206.72572933696605
5.84,-1410.8901523724064,100.1848655929245,207.78383668160203
5.8500000000000005,-1740.2373130364865,84.42922826588003,208.70690715089606
5.86,-1609.5861933336903,67.68011073402914,209.4674538458956
5.87,-1072.9044193982684,54.267657670369346,210.07719268791757
5.88,-453.9081155657229,46.63359499554939,210.58169895124718
5.89,-100.81530009774,43.85997791723207,211.0341668158111
5.9,-157.97127106174833,42.56604506143463,211.46629693070443
5.91,-438.4880624090015,39.58374839408088,211.87704589798201
5.92,-597.4723287887911,34.403946438091914,212.2469843721429
5.93,-343.4006302386271,29.699581642954826,212.56750201254812
5.94,260.3017337026344,29.28408716027486,212.86242035656426
5.95,869.7531049320625,34.934361353448345,213.18351259913288
5.96,1032.72066361722,44.44673019619476,213.5804180568811
5.97,585.7794151888584,52.539230590225145,214.06534786081318
5.98,-253.3547702933446,54.20135381470271,214.59905078283782
5.99,-933.5381390339268,48.26688926806636,215.11139199825166
6.0,-1007.1075069782884,38.56366103800528,215.545544749782
6.01,-484.9189513681848,31.103528746272914,215.8938806987034
6.0200000000000005,36.88867208662239,28.863377349865104,216.1937152291841
6.03,-304.62048145941407,27.524718303001144,216.47565570744842
6.04,-2093.639825364028,15.533416768883933,216.69094638280785
6.05,-5146.726674589991,-20.66841573088616,216.66527138799785
6.0600000000000005,-8334.431619023238,-88.07420719895231,216.12155827334865
6.07,-10100.265042543888,-180.24769050678793,214.77994878481996
6.08,-9166.34429050462,-276.58073717203047,212.49580664642588
6.09,-5319.4736567388645,-349.0098269082479,209.3678538260245
6.1000000000000005,419.4737259685281,-373.50982656209953,205.75525555867276
6.11,6163.711051613962,-340.59390267418706,202.18473691249133
6.12,10034.248933101317,-259.60410275061065,199.18374688536736
6.13,10997.665242881993,-154.4445318706941,197.11350371226084
6.140000000000001,9247.17831755032,-53.220314068532545,196.0751794825647
6.15,6052.845196334988,23.279803500894005,195.9254769297265
6.16,2966.590396670585,68.37698146592187,196.3837608545606
6.17,1084.723167967065,88.63354928911012,197.16881350833575
6.18,634.7265378274163,97.23079781808252,198.0981352438717
6.19,1036.7075282350625,105.58796814839492,199.11222907370407
6.2,1423.426823363479,117.88863990638762,200.229612113978
6.21,1233.09472011845,131.17124762379726,201.4749115516289
6.22,447.7156715286464,139.57529958203273,202.82864428765805
6.23,-470.04337077857497,139.4636610857831,204.22383909099713
6.24,-988.1844898137654,132.17252178282138,205.58202000534015
6.25,-861.0150742162126,122.92652396267148,206.85751523406762
6.26,-314.2752315396573,117.05007243389213,208.05739821605044
6.2700000000000005,235.9347202707772,116.65836987754773,209.22594042760764
6.28,403.0394452973161,119.85324070538819,210.40849848052233
6.29,146.15417766321048,122.59920882019082,211.62076072815023
6.3,-261.006115604442,122.02494913048467,212.8438815179036
6.3100000000000005,-450.3010174403091,118.46841346526091,214.04634833088235
6.32,-216.8507353790175,115.13265470116427,215.2143536717145
6.33,286.54403757132707,115.48112121212581,216.36742255128095
6.34,744.5895511820231,120.63678915589256,217.54801210312104
6.3500000000000005,830.0355527119798,128.50991467536258,218.79374562227733
6.36,496.13438360786427,135.1407643569618,220.11199901743896
6.37,-53.18999008775038,137.35548632456238,221.47448027084658
6.38,-481.9495598621862,134.6797885748127,222.83465664534347
6.390000000000001,-588.6253863166505,129.32691384391853,224.15469015743713
6.4,-417.0348464005205,124.29861268033268,225.4228177900584
6.41,-255.4973332543676,120.93595178205824,226.64899061237034
6.42,-385.9221918458748,117.72885415655703,227.84231464206343
6.43,-841.3020060471065,111.59273316709212,228.98892257868167
6.44,-1409.9688788975604,100.33637874236878,230.04856813822897
6.45,-1742.3741628279151,84.5746635337414,230.97312334960952
6.46,-1616.3349417868765,67.78111801066744,231.73490225733156
6.47,-1077.6974320424447,54.31095614152083,232.3453626280925
6.48,-456.14941204310935,46.641721921093065,232.85012601840555
6.49,-98.37559806159084,43.869096870569564,233.30268011236387
6.5,-159.54560055486743,42.579490877487274,233.73492305110415
6.51,-437.5985661304262,39.593770044060804,234.14578935571188
6.5200000000000005,-589.1591940852993,34.459981242982174,234.5160581121471
6.53,-352.5651848487861,29.751359348311745,234.83711481510358
6.54,264.2686088543828,29.309876468339727,235.13242099418684
6.55,872.5500592962528,34.9939698090929,235.453940225574
6.5600000000000005,1041.5085018616996,44.564262614882665,235.8517313876939
6.57,586.7804286945931,52.705707267664124,236.33808123710662
6.58,-248.9055817289559,54.39508150249231,236.8735851809574
6.59,-932.7044190508586,48.48703149859324,237.38799574596283
6.6000000000000005,-1004.9457584573942,38.798780611051974,237.82442480651105
6.61,-486.4349995213194,31.341876821158408,238.1751280936721
6.62,44.09932292177243,29.130198438160672,238.4774884699687
6.63,-304.00831204087257,27.830653492565173,238.76229272962235
6.640000000000001,-2094.1925646272944,15.839649109224338,238.98064424263129
6.65,-5151.051536997885,-20.38657139890156,238.9579096311829
6.66,-8333.82364821432,-87.81094732496257,238.41692203756358
6.67,-10099.878918208744,-179.97946015707788,237.07797000015339
6.68,-9166.820950050458,-276.3129594983739,234.79650790187614
6.69,-5321.54571756917,-348.75479283647206,231.6711691402019
6.7,416.0088645327848,-373.28247710165397,228.06098279051128
6.71,6163.644450132055,-340.3842105283298,224.49264935236135
6.72,10037.297818093344,-259.3794991872028,221.49383080378368
6.73,11000.000000000002,-154.19301009673603,219.425968257364
6.74,9256.084556416325,-52.9125873146544,218.39044027030704
6.75,6058.885896557979,23.66226495021712,218.24418865848486
6.76,2964.460561182853,68.77899723892128,218.70639496943056
6.7700000000000005,1084.560426273414,89.02410217620262,219.49541046650617
6.78,634.740300128557,97.62060580821247,220.42863400642824
6.79,1033.0268799136538,105.95944170842353,221.44653424401142
6.8,1422.2886216900922,118.23601921644226,222.56751154863574
6.8100000000000005,1236.9150779053818,131.53203771441963,223.81635183329004
6.82,447.42370739126847,139.95373164090287,225.17378068006664
6.83,-470.4078594397277,139.8388108806606,226.57274339267445
6.84,-984.9577726883492,132.5619827200202,227.93474736067785
6.8500000000000005,-865.7466063063856,123.30846082504654,229.2140995784032
6.86,-312.43181169480044,117.4175687350406,230.41772972620362
6.87,230.60590482692265,117.00843920070122,231.58985976588232
6.88,401.1781794127249,120.16735962189945,232.77573875999533
6.890000000000001,144.2453611902091,122.89447732491412,233.99104794472942
6.9,-256.9605476383094,122.33090139267362,235.21717483831736
6.91,-446.7974510029873,118.81211139946714,236.42288990227806
6.92,-225.68022085453447,115.44972304017953,237.59419907447628
6.93,295.2502657645027,115.79757326472938,238.7504355560008
6.94,740.1867868221759,120.97475852766277,239.93429721496278
6.95,839.9991336846634,128.87568813019698,241.18354944825208
6.96,494.2156599831296,135.54676209853594,242.50566169939574
6.97,-52.54911941988609,137.75509480135216,243.8721709838952
6.98,-483.95043219559153,135.07259704327478,245.23630944311833
6.99,-586.5468285609112,129.72011073949227,246.56027298203216
7.0,-418.2384637469418,124.69618427795301,247.83235445711938
7.01,-257.5364195746388,121.31730986134511,249.06242192781588
7.0200000000000005,-384.04643514768384,118.1093955877335,250.25955545506127
7.03,-842.1094784524927,111.97861601973261,251.4099955130986
7.04,-1412.993255336236,100.70310235078897,252.47340410495121
7.05,-1737.605261490998,84.9501097666528,253.40167016553843
7.0600000000000005,-1605.5504206306096,68.23433135604476,254.16759237115193
7.07,-1073.4298134433482,54.83943018567497,254.78296117886052
7.08,-454.9716925479597,47.197422655718434,255.2931454430675
7.09,-100.06118371553904,44.42225827440094,255.7512438477181
7.1000000000000005,-157.80506554304827,43.132927028108,256.18901977423064
7.11,-440.054001736993,40.143631691707796,256.60540256782974
7.12,-598.6692785811344,34.95001529011716,256.9808708027389
7.13,-346.80491434041244,30.22264432550942,257.30673410081704
7.140000000000001,261.23905369934414,29.79481502230408,257.60682139755613
7.15,876.297486987213,35.48249772573686,257.9332079612963
7.16,1037.3228362015473,45.050599341680666,258.3358734466334
7.17,581.9007919967066,53.14671748267193,258.82686003075514
7.18,-257.0452910417987,54.77099498744647,259.36644859310576
7.19,-932.8419020281522,48.821559022096714,259.88441136315345
7.2,-1011.4232405885556,39.10023330901318,260.324020324809
7.21,-482.78274977655474,31.629203357187627,260.67766750814
7.22,46.27085171639657,29.446643866886838,260.9830467442604
7.23,-296.00560966768086,28.197970077130417,261.27126981398044
7.24,-2100.6567904304748,16.214658076639637,261.4933329547493
7.25,-5147.037911691122,-20.023815433968345,261.47428716796264
7.26,-8338.579023125023,-87.45190010804907,260.93690859025253
7.27,-10099.800973289204,-179.6438000901202,259.60143008926167
7.28,-9169.60031451323,-275.9908065291324,257.3232570561654
7.29,-5326.044541232862,-348.46903080786285,254.20095786948042
7.3,412.7186363118795,-373.0356603324678,250.59343441377877
7.31,6164.014700267151,-340.15199364957266,247.02749614386858
7.32,10037.990844133778,-259.141965927568,244.03102634598287
7.33,10999.693570123412,-153.953543856282,241.9655487970636
7.34,9255.707141075596,-52.67654030028697,240.93239837628076
7.35,6053.176763561694,23.867879222899475,240.78835507089383
7.36,2956.894779123841,68.91823693632715,241.25228565168996
7.37,1083.348684904542,89.11945425646907,242.04247410765393
7.38,634.5367124960675,97.70888124347212,242.97661578515363
7.390000000000001,1028.2780240099812,106.02295492600237,243.995274966001
7.4,1421.945142417053,118.27407075813754,245.1167600944217
7.41,1230.08600886375,131.53422651454156,246.36580158078507
7.42,447.8828356622863,139.92407073717175,247.72309306704364
7.43,-476.648126170265,139.78024428463186,249.12161464215265
7.44,-988.8998281935146,132.45250451281296,250.48277838613987
7.45,-867.2159463711909,123.17192563998944,251.76090053690388
7.46,-312.81544236103946,117.27176869632828,252.96311900858547
7.47,235.4820980291697,116.88510197466893,254.13390336194044
7.48,405.8419264098163,120.09172209686386,255.3187874822981
7.49,155.6304108999228,122.89908378341256,256.5337415116995
7.5,-262.29917015035784,122.3657399871604,257.76006563055233
7.51,-444.1313184599931,118.83358754410864,258.9660622682087
7.52,-225.98031582382157,115.48302937268957,260.1376453527927
7.53,285.75613693526384,115.78190847824678,261.29397004204736
7.54,738.953094071429,120.90545463328024,262.477406857605
7.55,833.732945453826,128.76888483090653,263.7257785549259
7.56,496.8338716210416,135.42171891628087,265.0467315736619
7.57,-53.956649286486254,137.63610502795365,266.41202069338306
7.58,-482.24269916432326,134.9551082856996,267.7749767599513
7.59,-580.7661286089028,129.64006414683345,269.09795262211395
7.6,-416.1961303340634,124.65525285211862,270.36942920710874
7.61,-260.4221747445509,121.27216132672555,271.59906627800297
7.62,-388.3855483303325,118.02812271135113,272.79556769819334
7.63,-842.5277214933899,111.87355636223252,273.9450760935613
7.640000000000001,-1410.7076052906375,100.60737972831238,275.007480774014
7.65,-1745.3551519998518,84.82706594185993,275.9346530023649
7.66,-1614.8304690990276,68.02613783636554,276.698919021256
7.67,-1073.5144824101403,54.58441307881969,277.3119717758319
7.68,-450.21572769823325,46.96576202827782,277.8197226513674
7.69,-100.03972618873024,44.21448475884301,278.275623885303
7.7,-162.59084222565804,42.90133191677106,278.71120296868105
7.71,-439.48602713083466,39.8909475699886,279.12516436611486
7.72,-591.1333494564636,34.7378506870521,279.49830835740005
7.73,-350.16441643715183,30.031361857584024,279.82215442012324
7.74,260.49116502085,29.582995600502514,280.1202262074137
7.75,873.4719253040631,35.25281105212708,280.4444052406768
7.76,1040.086647818615,44.82060391774047,280.84477231552614
7.77,582.8421609524004,52.93524796159555,281.3335515749228
7.78,-250.3150351337955,54.597883590688575,281.8712172326842
7.79,-936.4910092754628,48.66385336864228,282.38752591748084
7.8,-1009.087233211566,38.93596215620713,282.82552499510507
7.81,-481.70210767688087,31.482015451764898,283.17761488314494
7.82,46.24469225141815,29.304728374637584,283.481548602277
7.83,-303.6234937590318,28.017834367099514,283.7681614159857
7.84,-2101.0699015540213,15.994367390534249,283.9882224247738
7.85,-5150.362753019366,-20.26279588233269,283.96688028231483
7.86,-8339.683724742887,-87.71302827114394,283.4270011615474
7.87,-10091.198775055636,-179.86744077013657,282.089098816341
7.88,-9174.876487033403,-276.1978170805818,279.8087725270874
7.890000000000001,-5321.558743444021,-348.6799932329689,276.68438347551967
7.9,417.3077722284076,-373.201248089047,273.0749772689096
7.91,6162.262148283925,-340.3033984864853,269.50745403603196
7.92,10037.463673161932,-259.3047693792561,266.50941319670324
7.930000000000001,10995.62897186554,-154.1393061541187,264.44219281903634
7.94,9256.610405085716,-52.878109269362426,263.40710574191894
7.95,6053.193384173588,23.6709096769341,263.2610697439568
7.96,2962.722801348759,68.75049060454583,263.7231767453642
7.97,1081.56242548176,88.97191673869843,264.51178878208043
7.98,635.616384185735,97.5578107870359,265.4444374197091
7.99,1031.3597311017306,105.89269136347323,266.46168993046166
8.0,1416.720636223502,118.1330932000994,267.5818188532795
8.01,1239.9813197098392,131.4166029797661,268.8295673341788
8.02,446.6479896858696,139.84974952674466,270.18589909671135
8.03,-472.99692471872567,139.7180048515804,271.58373786860295
8.040000000000001,-985.4984246317866,132.42552810482783,272.944455533385
8.05,-871.7109572589206,123.1394811953743,274.222280579886
8.06,-316.1305642328268,117.20027358791556,275.42397935380245
8.07,237.4509791677112,116.80687566258999,276.594015100055
8.08,400.4790689414288,119.99652590313569,277.77803210788363
8.09,149.0452221991435,122.74414735883855,278.9917354741935
8.1,-261.3634729710624,122.18255610497896,280.2163689915126
8.11,-440.87309764826665,118.67137325188232,281.4206386382969
8.120000000000001,-217.1877601020317,115.38106896313083,282.59090084937196
8.13,283.31217190724544,115.7116910221569,283.7463646492984
8.14,746.7367683963782,120.86193572367502,284.9292327830276
8.15,833.9646293663429,128.76544271248864,286.1773696752084
8.16,495.914470108874,135.4148382098647,287.4982710798202
8.17,-51.2875776222316,137.63797267229793,288.86353513423103
8.18,-481.1597676485203,134.97573594594417,290.22660367732226
8.19,-583.8769019489614,129.65055259795676,291.54973512004176
8.2,-417.3273980822818,124.64453109780055,292.8212105385206
8.21,-264.7554108123522,121.23411705332738,294.05060377927623
8.22,-385.8002737438409,117.98133863054642,295.2466810576956
8.23,-840.3773380944351,111.85045057135504,296.3958400037051
8.24,-1415.9467884233811,100.56882993876596,297.45793640625567
8.25,-1743.5251402123272,84.77147029558742,298.3846379074274
8.26,-1612.1480308527405,67.99310444026209,299.1484607811067
8.27,-1077.3693840503497,54.54551736574663,299.7611538901367
8.28,-449.3471063980888,46.91193491350444,300.26844115153295
8.290000000000001,-101.91873333545992,44.155605714836696,300.72377885467466
8.3,-155.21539711094536,42.86993506260467,301.15890655856185
8.31,-439.9597426079089,39.894059364010396,301.5727265306949
8.32,-592.9549440293332,34.72948593082418,301.9458442571691
8.33,-346.6130731734989,30.031645844810022,302.26964991604723
8.34,256.442647523207,29.580793716558563,302.5677121138541
8.35,869.063888881205,35.208326398580624,302.8916577144298
8.36,1036.7698789307178,44.73749523764024,303.2913868226109
8.370000000000001,583.3948894073758,52.83831907933071,303.77926589419576
8.38,-252.52269937972963,54.49268002946894,304.31592088973974
8.39,-940.5217494907006,48.527457785116795,304.8310215788127
8.4,-1008.7358943904414,38.78116956571108,305.26756471556683
8.41,-485.5430344364485,31.309774921576633,305.6180194380033
8.42,39.95003583496656,29.08180992856922,305.91997736225403
8.43,-298.9756785455781,27.786681715016165,306.20431982047194
8.44,-2096.0672149693078,15.811467247441737,306.42231056528425
8.45,-5142.895070853804,-20.383344181673824,306.3994511806131
8.46,-8338.822873417208,-87.79193390302888,305.85857479018955
8.47,-10096.54527403172,-179.96877464027352,304.51977124747305
8.48,-9167.854206037026,-276.29077204061724,302.2384735140686
8.49,-5326.695036703847,-348.7635182543216,299.11320206259387
8.5,414.52766356342414,-373.3243551200237,295.50276269572214
8.51,6168.509585006866,-340.40916887717225,291.93409507573614
8.52,10040.608523884934,-259.36357833271325,288.9352313396867
8.53,10999.107522239266,-154.16499810209223,286.8675884575127
8.540000000000001,9251.360783304945,-52.91265657437117,285.8322001841304
8.55,6053.819071322239,23.61324269876475,285.68570311475236
8.56,2966.644287195143,68.71555949135167,286.14734712570294
8.57,1093.277919838113,89.01517052651795,286.9360007757923
8.58,634.3252942645051,97.65318659703104,287.86934256141006
8.59,1028.013049218673,105.96487831444693,288.8874328859674
8.6,1417.5899674513291,118.19289339779695,290.00822174452867
8.61,1232.6317448495931,131.44400195930157,291.25640622131414
8.620000000000001,445.60203008755445,139.83517083398732,292.6128020852806
8.63,-471.20867870216097,139.7071375909143,294.0105136274051
8.64,-990.253719583133,132.39982559948783,295.3710484433571
8.65,-870.1911977815214,123.09760101266455,296.6485355764179
8.66,-311.03488652516944,117.1914705911311,297.84998093443687
8.67,231.9509380375508,116.796050848693,299.019918541636
8.68,401.7469286301069,119.96454018203129,300.2037214967896
8.69,149.97110710339825,122.72313036069882,301.41715984950326
8.700000000000001,-257.7025333549972,122.18447322944083,302.64169786745396
8.71,-450.3262214371773,118.64432945547995,303.84584188087854
8.72,-222.42974896168568,115.28054960348564,305.01546627617336
8.73,287.900452392719,115.6079031206408,306.169908539794
8.74,745.9324964859013,120.7770678650339,307.35183339472235
8.75,834.7106272651457,128.68028348378914,308.5991201514665
8.76,490.55131340612553,135.3065931871455,309.91905453482116
8.77,-55.46471560862407,137.482026176133,311.28299763163756
8.78,-488.32101722330447,134.76309751197334,312.6442232500781
8.790000000000001,-576.0948673745858,129.4410180889839,313.96524382808286
8.8,-422.5232816353389,124.44792734393427,315.23468855524743
8.81,-259.17371478875367,121.0394423618138,316.46212540377616
8.82,-384.12813611581856,117.82293310729094,317.65643728112167
8.83,-844.2259789862874,111.6811625317804,318.80395775931703
8.84,-1410.374827210626,100.40815850079584,319.8644043644799
8.85,-1744.1118135225736,84.63572529712984,320.78962378346955
8.86,-1606.316559555942,67.88358343173726,321.5522203271139
8.870000000000001,-1074.6011732878744,54.47899476751818,322.1640332181102
8.88,-451.3127252011092,46.84942527507326,322.67067531832316
8.89,-100.63231141723482,44.08970009198154,323.1253709451584
8.9,-155.69781193353404,42.8080494752277,323.55985969299445
8.91,-445.0298335716365,39.80441124770184,323.9729219966091
8.92,-596.9323115335487,34.59460052217592,324.3449170554585
8.93,-348.03265420795555,29.869775693468394,324.6672389365367
8.94,258.8418341808549,29.423821593332892,324.9637069229707
8.950000000000001,868.9511203369094,35.06278636592172,325.286139962767
8.96,1034.4000460312006,44.579542197762265,325.6843516055854
8.97,582.4220925154922,52.663652890495726,326.17056758102666
8.98,-249.27102543534235,54.32940822589647,326.70553288660864
8.99,-929.3925539829776,48.43609032880487,327.2193603793821
9.0,-1010.4742694139104,38.736756211820435,327.65522461208525
9.01,-486.72914635172566,31.250739132992255,328.0051620888093
9.02,41.31055963091487,29.0236461993882,328.3065340154712
9.03,-297.72195592724285,27.741589217906558,328.5903601925577
9.04,-2102.254974425166,15.741704566144513,328.80777666147793
9.05,-5143.581899460733,-20.487479803284984,328.7840477852922
9.06,-8334.559496668346,-87.87818678393037,328.24221945235615
9.07,-10102.316621764568,-180.06256737609493,326.90251568155605
9.08,-9173.247940433916,-276.44039018708736,324.62000089374015
9.09,-5324.168417776189,-348.9274719781379,321.493161582914
9.1,417.30490461004354,-373.4617895439686,317.8812152753035
9.11,6165.532800155808,-340.5476010201394,314.31116832248296
9.12,10041.522108987,-259.5123264744253,311.3108686850101
9.13,10998.325555346895,-154.31308815275585,309.2417416118742
9.14,9250.138125606063,-53.070769747991065,308.2048223223705
9.15,6050.383465750973,23.43183820879412,308.0566276646745
9.16,2965.4979679566086,68.51124537733203,308.51634308260515
9.17,1083.4355251627487,88.75591284292882,309.30267887370644
9.18,630.7208216923243,97.3266945772042,310.2330919108071
9.19,1029.7055111735997,105.62882624153382,311.2478695149008
9.2,1421.6161336523492,117.88543446566356,312.3654408184368
9.21,1229.608941572012,131.14155984178538,313.61057578997406
9.22,444.667384771385,139.51294147350237,314.9638482965505
9.23,-469.1741027829474,139.39040788344457,316.35836504333525
9.24,-988.9888935885326,132.09959290158716,317.71581504726043
9.25,-868.4779519596431,122.81225867384629,318.9903743051376
9.26,-305.4041694431354,116.9428480668324,320.189149838841
9.27,243.3710432924444,116.63268243607894,321.35702749135555
9.28,408.7105464843566,119.89309038496295,322.53965635546075
9.29,142.5294777038306,122.64929050590388,323.7523682599151
9.3,-260.7937964555939,122.05796891214506,324.9759045570053
9.31,-442.3203046253658,118.54239840674026,326.17890639359973
9.32,-223.45525697376016,115.21352059874464,327.3476859886272
9.33,288.7639521477242,115.54006407461446,328.50145391199396
9.34,739.7220098493428,120.6824938845998,329.68256670179005
9.35,833.9587673754406,128.5508977707237,330.92873366006665
9.36,494.9845638005183,135.1956144266035,332.2474662210533
9.37,-52.5234762647904,137.40791986428215,333.6104838925077
9.38,-475.6174509185321,134.76721522836553,334.971359567971
9.39,-586.2085083632376,129.45808543195668,336.2924860712726
9.4,-415.9857371471352,124.44711420440481,337.5620120694544
9.41,-259.15369075425446,121.07141706489786,338.7896047258009
9.42,-387.5260882473356,117.8380181698899,339.9841519019749
9.43,-846.8113103636005,111.66633117683523,341.1316736487085
9.44,-1415.0180529812906,100.35718436011078,342.1917912263932
9.45,-1738.2620319622383,84.59078393539313,343.1165310678707
9.46,-1605.1777633051393,67.87358495905625,343.87885291234295
9.47,-1077.5564149775005,54.45991406764305,344.4905204074764
9.48,-455.8061726390647,46.79310112956022,344.9967854834624
9.49,-102.11408145468695,44.00349985909146,345.4507684884057
9.5,-157.9083658684037,42.70338762247601,345.88430292581353
9.51,-443.6653215665591,39.695519185301194,346.29629745985244
9.52,-598.4560091271595,34.4849125318326,346.66719961843813
9.53,-340.5088031349929,29.790088470521837,346.9885746234499
9.54,261.6568493227384,29.395828701460566,347.28450420930983
9.55,870.1933357351563,35.05507962675004,347.60675875095086
9.56,1041.8892300393743,44.6154924556227,348.00511161136274
9.57,586.6608779627496,52.758242995633324,348.491980288619
9.58,-254.79775181966983,54.41755862634872,349.02785929672893
9.59,-938.5787505213804,48.45067611464347,349.5422004704339
9.6,-1004.9895071000212,38.73283482653646,349.9781180251398
9.61,-487.16415822231545,31.272066499924776,350.3281425317721
9.62,39.81268210307065,29.035309119328552,350.62967940986834
9.63,-303.94701129933696,27.71463747334722,350.9134291428317
9.64,-2097.299551735627,15.708404658172398,351.1305443534893
9.65,-5148.879873973065,-20.522492470371056,351.1064739144283
9.66,-8339.058734948434,-87.96218551497856,350.56405052450157
9.67,-10097.65929501622,-180.14577566480182,349.22351071860265
9.68,-9170.339494685062,-276.4857696133082,346.9403529922121
9.69,-5320.546347770678,-348.9401988255869,343.8132231500177
9.7,415.7662393601985,-373.4640993676393,340.20120165905155
9.71,6166.343599177585,-340.5535501749504,336.6311134113386
9.72,10035.021605582957,-259.54672415114766,333.6306120397081
9.73,10993.100318601591,-154.40611453022493,331.5608478463013
9.74,9251.620587880148,-53.182509997816226,330.52290472366104
9.75,6056.771844348909,23.359452163329067,330.37378943448863
9.76,2966.9359074581494,68.47799092236436,330.8329766499171
9.77,1085.116227574618,88.73825159752819,331.61905786251657
9.78,631.0180607177765,97.31892303899016,332.54934373569915
9.79,1037.3621331239108,105.6608240081986,333.5642424709351
9.8,1421.8752709570272,117.95701102860329,334.6823316461191
9.81,1228.4529595307065,131.20865218104197,335.92815996216734
9.82,444.7674049696363,139.5747540035437,337.28207699309024
9.83,-479.12134402334095,139.40298430827517,338.67696568464936
9.84,-987.8485543652858,132.06813481633202,340.0343212802724
9.85,-868.041151620391,122.78868628640363,341.3086053857861
9.86,-310.4764603568382,116.89609822651748,342.5070293083507
9.87,238.07805682339327,116.53410620885026,343.6741803305275
9.88,407.6276892093239,119.76263493901385,344.85566403626683
9.89,154.1904515024146,122.57172564257255,346.06733583917475
9.9,-247.9880759334853,122.1027375204172,347.2907081549897
9.91,-427.57238708594446,118.72493520532004,348.4948465186184
9.92,-189.06107561465447,115.64176789181704,349.66668003410405
9.93,340.5316840436999,116.39912093396227,350.82688447823296
9.94,835.3044865774501,122.27830178706802,352.0202715918381
9.95,982.2404598525872,131.3660265192182,353.28849323336954
9.96,733.0739411783837,139.94259852437304,354.6450363585875
9.97,303.25276884992786,145.1242320745146,356.0703705115819
9.98,11.4293049408794,146.69764244346862,357.52947988417185
9.99,-158.4420993452202,145.96257847144693,358.9927809887464
