Time (s),Acceleration_mm_s2,Velocity_mm_s,Displacement_mm
0.0,208.49140288322133,0.0,0.0
0.01,281.2669399279922,2.4487917140560675,0.012243958570280338
0.02,264.8572649036676,5.179412738214367,0.05038498083163251
0.03,-142.57249600331463,5.790836582716132,0.105236227436285
0.04,-1242.1362252318756,-1.1327070234598198,0.12852687523256656
0.05,-3185.1874131539066,-23.26932521538873,0.006516714038323823
0.06,-5374.848440375594,-66.06950448303623,-0.440177434453801
0.07,-6707.511415929092,-126.48130376455967,-1.4029314756917806
0.08,-6651.683575490476,-193.27727872165752,-3.0017243881228666
0.09,-4206.214415934644,-247.56676867878315,-5.2059446251250705
0.1,1083.57954997454,-263.1799430085837,-7.759678183561904
0.11,6290.110654929769,-226.31149198406212,-10.207135358525134
0.12,8428.543454776189,-152.7182214355323,-12.102283925623107
0.13,7875.136198735391,-71.19982316797442,-13.22187414864064
0.14,6053.51446868162,-1.5565698308893587,-13.58565611363496
0.15,3819.123564574949,47.80662033539349,-13.354405861112438
0.16,1907.6922603619248,76.44069946007787,-12.733169262135082
0.17,795.4622919706914,89.95647222174095,-11.901183403725987
0.18,467.1432609278544,96.26949998623368,-10.970053542686115
0.19,651.8632681350637,101.86453263154827,-9.979383379597206
0.2,913.5992591708264,109.69184526807773,-8.921601490099075
0.21,709.5750624339732,117.80771687610172,-7.784103679378178
0.22,-50.55989315646912,121.10279272248924,-6.589551131385223
0.23,-752.8088022296773,117.08594924555851,-5.398607421544984
0.24,-947.7303600958954,108.58325343393065,-4.2702614081475385
0.25,-713.9526876869566,100.27483819501639,-3.2259709500028033
0.26,-328.66117802540265,95.06176886645459,-2.2492879146954485
0.27,-16.482650080645687,93.33604972592434,-1.307298821733554
0.28,116.26900112218144,93.83498148113202,-0.37144366569827214
0.29,69.48668667788415,94.76375992013234,0.5715500413080497
0.3,-61.27665132488144,94.80481009689736,1.5193928913931982
0.31,-114.5277197662515,93.9257882414417,2.4630458830848934
0.32,3.1238886453870687,93.36876908583737,3.3995186697212887
0.33,267.9345498810951,94.72406127846978,4.339982821542824
0.34,568.719159329843,98.90732982452447,5.308139777057796
0.35,731.8744923022805,105.41029808268509,6.329727916593844
0.36,693.4006736375406,112.53667391238419,7.4194627765691905
0.37,519.7467220815224,118.6024108909795,8.575158200586008
0.38,268.6563520819513,122.54442626179687,9.78089238634989
0.39,-40.632570243058645,123.68454517099134,11.01203724351383
0.4,-281.20748811827445,122.07534487918468,12.240836693764711
0.41,-414.47732836199367,118.59692079678334,13.444198022144551
0.42,-674.14960162493,113.15378614684872,14.602951556862712
0.43,-1142.7728984281932,104.0691736465831,15.68906635582987
0.44,-1492.6763055373349,90.89192762675546,16.663871862196565
0.45,-1468.3060206644848,76.08701599574636,17.498766580309074
0.46,-1145.575124690239,63.01761026897274,18.19428971163267
0.47,-718.8918971211841,53.695275159915624,18.777854138777112
0.48,-323.2199689448388,48.48471582958551,19.288754093724616
0.49,-185.5857959072908,45.94068700532486,19.76088110789917
0.5,-358.6578501718626,43.21946877492909,20.20668188680044
0.51,-489.79759690932224,38.97719153952317,20.6176651883727
0.52,-329.64978429779154,34.8799546334876,20.986950919237756
0.53,-7.280236273244635,33.19530453063242,21.327327215058357
0.54,350.4466304588568,34.91113650156048,21.667859420219322
0.55,684.8814274547358,40.08777679112844,22.04285398668277
0.56,790.4997585558125,47.464682721181184,22.480616284244316
0.5700000000000001,385.8145598929076,53.34625431342479,22.984670969417348
0.58,-318.49804709648987,53.68283687740688,23.519816425371506
0.59,-756.814403855801,48.306274622645425,24.02976198287177
0.6,-694.2767146560057,41.050819030086394,24.476547451135428
0.61,-320.2177015321756,35.97834694914549,24.861693281031588
0.62,-0.6589910900584439,34.37396348603432,25.213454833207486
0.63,-319.37836665261,32.773776697320976,25.549193534124264
0.64,-1466.338468439985,23.845192521858003,25.83228838022016
0.65,-3108.1300534465527,0.972849912425314,25.956378592391577
0.66,-5069.046883949492,-39.913034774554916,25.761677668080928
0.67,-6924.270156548417,-99.87961997704447,25.06271439432293
0.68,-7068.935591847307,-169.84564871902307,23.714088050842594
0.6900000000000001,-4103.556973048437,-225.7081115435018,21.73631924952997
0.7000000000000001,457.38720769336425,-243.93896037027716,19.388083889961074
0.71,4155.815934313209,-220.8729446602443,17.064024364808468
0.72,6540.16348538136,-167.39304756177143,15.12269440369839
0.73,7558.85480697973,-96.89795609996597,13.801239385389703
0.74,6910.801274097885,-24.5496756945779,13.194001226416983
0.75,5049.45005157572,35.25158093379013,13.247510752613044
0.76,2751.6448817438963,74.25705560038821,13.795053935283935
0.77,919.1441978186618,92.611000998201,14.62939421827688
0.78,151.58242914138754,97.96463413300125,15.582272393932891
0.79,205.43634956706185,99.74972802654351,16.570844204730616
0.8,579.3660977441725,103.67374026309967,17.587961546178832
0.81,795.5264028407881,110.54820276602447,18.659071261324453
0.8200000000000001,468.78333475876434,116.86975145402224,19.796161032424685
0.8300000000000001,-201.26824815178236,118.20732688705715,20.971546424130082
0.84,-601.4157486781406,114.19390690290753,22.133552593079905
0.85,-515.7523598587363,108.60806636022315,23.24756245939556
0.86,-195.2339645423188,105.05313473821788,24.315868464887764
0.87,114.47446814534052,104.64933725623298,25.364380824860017
0.88,109.47836421248716,105.76910141802212,26.416473018231294
0.89,-302.5038292384793,104.80397409289216,27.469338395785865
0.9,-707.5368350324969,99.75377077153728,28.492127120108012
0.91,-680.6072534000677,92.81305032937445,29.45496122561257
0.92,-266.73806165159584,88.07632375411613,30.359408096030023
0.93,318.24797337312305,88.33387331272377,31.241459081364223
0.94,839.6732845293141,94.12347960223595,32.15374584593902
0.95,938.9333014553443,103.01651253215924,33.13944580661099
0.96,487.895335521773,110.15065571704483,34.205281647857014
0.97,-107.45700423347472,112.05284737348632,35.31629916330967
0.98,-464.7803509829309,109.1916605974043,36.42252170316412
0.99,-569.4747409000428,104.02038513798942,37.48858193184109
1.0,-604.5759000091523,98.15013193344345,38.49943451719825
1.01,-560.1703031688646,92.32640091755336,39.45181718145324
1.02,-443.12173031044085,87.30994075015683,40.349998889791785
1.03,-412.3295571413387,83.03268431289793,41.201712015107056
1.04,-573.0809538866388,78.10563175775803,42.00740359546034
1.05,-703.1081230097938,71.72468637327587,42.756555186115506
1.06,-657.7967870657031,64.9201618228984,43.439779427096376
1.07,-519.9064530484659,59.031645622327545,44.05953846432251
1.08,-412.66030699764457,54.368811822096994,44.62654075154463
1.09,-314.8237193595826,50.73139169031086,45.152041769106674
1.1,-183.62428761468223,48.239151655439535,45.646894485835425
1.11,-149.7118491909265,46.57247097141149,46.12095259896968
1.12,-269.3527636479178,44.47714790721727,46.57620069336282
1.13,-232.73887928989515,41.966689692528206,47.00841988136155
1.14,147.90514791262427,41.542521035641855,47.425965935002395
1.15,616.6370108111948,45.36523182926095,47.86050469932691
1.16,852.0368505609315,52.70860113612158,48.350873864153826
1.17,629.563334796933,60.1166020629109,48.91499988014899
1.18,-49.543295986900944,63.01670225696106,49.53066640174835
1.19,-795.636438087621,58.79080358658845,50.13970393096609
1.2,-1096.3523549176707,49.330859621562,50.680312247006846
1.21,-735.1557721344276,40.17331898630151,51.127833140046164
1.22,-99.4998917475957,36.000040666891394,51.50869993831213
1.23,-132.1703809859732,34.841689303223546,51.8629085881627
1.24,-1320.6485105605675,27.577594845490843,52.175005008906275
1.25,-3052.006996098436,5.714317312195824,52.34146456969471
1.26,-4778.803213812409,-33.4397337373584,52.20283748756889
1.27,-6091.753759787116,-87.79251860535604,51.59667622585532
1.28,-5596.172737620963,-146.23215109239644,50.426552877366554
1.29,-2914.410721275423,-188.78506838687838,48.75146677997018
1.3,236.3713670026796,-202.1752651582421,46.796665112244575
1.31,3210.3228882448825,-184.94179388200428,44.86107981704335
1.32,5880.392572149315,-139.48821658003328,43.23892976473316
1.33,6615.131147660391,-77.01059798098476,42.15643569192807
1.34,5194.3665949291335,-17.96310926803713,41.681567155682956
1.35,3439.314835362813,25.205297883422602,41.71777809875989
1.36,2180.8315200807683,53.306029660640505,42.110334736480205
1.37,1239.6364310432484,70.40836941626058,42.72890673186471
1.38,761.0645843513877,80.41187449323377,43.48300795141218
1.39,720.5704494804472,87.82004966239295,44.32416757219032
1.4,665.1304649274873,94.74855423443262,45.23701059167445
1.41,335.09872958026017,99.74970020697135,46.20950186388147
1.42,-163.5522208511517,100.6074327506169,47.21128752866941
1.43,-548.2882292383227,97.04823050016952,48.19956584492334
1.44,-652.772112498191,91.04292879148696,49.14002164138162
1.45,-458.9362034687802,85.4843872116521,50.022658221397315
1.46,-85.79837059892886,82.76071434131356,50.86388372916214
1.47,273.12259618997257,83.69733546926878,51.69617397821505
1.48,407.9153951907538,87.1025254261724,52.550173282692256
1.49,287.41067190401844,90.57915576164626,53.43858168863135
1.5,70.47572660987456,92.36858775421572,54.35332040621066
1.51,-14.323384490901349,92.64934946481058,55.2784100923058
1.52,125.1349654919638,93.20340736981589,56.20767387647893
1.53,406.7817580458231,95.86299098750483,57.15300586826553
1.54,612.9769997408166,100.96178477643802,58.13712974708525
1.55,542.5559827864532,106.73944968907438,59.17563591941281
1.56,119.58618111701786,110.05016050859173,60.259583970401145
1.57,-364.86968095304326,108.8237430094116,61.35395348799116
1.58,-461.50358627822885,104.69187667325524,62.4215315864045
1.59,-293.76363940270346,100.91554054485057,63.449568672495026
1.6,-274.3518433533503,98.0749631310703,64.44452119087462
1.61,-368.72288051421486,94.85958951173248,65.40919395408864
1.62,-406.402962273898,90.98396029779191,66.33841170313626
1.63,-546.2641348183648,86.2206248123306,67.22443462868686
1.64,-869.0808382220438,79.14389994712856,68.05125725248416
1.65,-1145.3825633925414,69.07158293905563,68.79233466691508
1.66,-1144.4699395628625,57.62232042427861,69.42580418373176
1.67,-823.1875430976163,47.784033010976216,69.95283595090802
1.68,-279.4412430359056,42.270889080308606,70.40311056136444
1.69,240.3986990766374,42.07567636051227,70.82484338856855
1.7,343.49148642042195,44.99512728799756,71.2601974068111
1.71,42.80369538614036,46.926603197030374,71.71980605923625
1.72,-237.56676966593815,45.95278782563138,72.18420301434956
1.73,-260.828596181683,43.46081099639328,72.63127100845969
1.74,-89.16748614267155,41.71083058477151,73.05712921636551
1.75,196.9636471764079,42.24981138994019,73.47693242623907
1.76,395.4488408750309,45.21187383019738,73.91424085233976
1.77,321.50390677348986,48.79663756843999,74.38428340933295
1.78,-14.067483683452476,50.33381968389018,74.8799356955946
1.79,-347.00207921244964,48.528471869410666,75.3742471533611
1.8,-391.28370323767166,44.83704295716006,75.84107472749395
1.81,-212.53344500405768,41.81795721595141,76.27434972835951
1.82,-136.9871968561274,40.07035400665048,76.68379128447252
1.83,-434.23872804522847,37.214224382143705,77.07021417641648
1.84,-1423.9159773805295,27.923450855014913,77.39590255260228
1.85,-3234.025558184083,4.63374317719185,77.55868852276332
1.86,-5351.434557311839,-38.29355740028777,77.39038945164783
1.87,-6803.182754285062,-99.06664395827227,76.70358844485503
1.88,-6693.375093407656,-166.54943319673586,75.37550805907999
1.89,-4375.09896222865,-221.8918034749174,73.43330187572172
1.9,-159.3095257889564,-244.56384591500543,71.10102362877211
1.91,4331.829468160048,-223.70124620314996,68.75969816818133
1.92,7249.658649997108,-165.79380561236417,66.81222290910377
1.93,7924.735486044177,-89.92183493215774,65.53364470638115
1.94,6726.001366307902,-16.66815067039734,65.00069477836838
1.95,4344.133865712548,38.68252548970491,65.11076665246492
1.96,1841.2755935701596,69.60957278611845,65.65222714384403
1.97,350.0404740256054,80.56615312409727,66.40310577339511
1.98,123.53569671190095,82.93403397778481,67.22060670890453
1.99,526.1455235434537,86.18244007906158,68.06618907918876
2.0,877.3935749196839,93.20013557137727,68.96310195744095
2.01,886.7784283765092,102.02099558785824,69.93920761323713
2.02,629.2324924797796,109.60105019213968,70.99731784213712
2.03,256.9095834365799,114.03176057172148,72.11548189595642
2.04,-118.04391323703103,114.72608892271923,73.25927114342862
2.05,-387.0396346360815,112.20067118335366,74.39390494395899
2.06,-445.9483812136981,108.03573110410477,75.49508695539627
2.07,-315.7071852241468,104.22745327191555,76.55640287727638
2.08,-174.20100688555976,101.77791231136702,77.5864297051928
2.09,-152.38914757901443,100.14496153904415,78.59604407444486
2.1,-235.419317939461,98.20591921145177,79.58779847819734
2.11,-247.4990196652908,95.79132752342801,80.55778471187175
2.12,-79.07652906638845,94.15844977976961,81.50753359838774
2.13,237.2517619873813,94.94932594437458,82.45307247700846
2.14,517.4953548810695,98.72306152871683,83.42143441437392
2.15,465.1431784868857,103.6362541955566,84.43323099299529
2.16,105.98875588073936,106.49191386739473,85.48387183331005
2.17,-157.86766106718386,106.2325193414625,86.54749399935433
2.18,-215.0472161253818,104.36794495549968,87.60049632083914
2.19,-263.4809266537316,101.9753042416041,88.63221256682466
2.2,-282.83256966574845,99.24373676000671,89.63830777183271
2.21,-182.0300155603408,96.91942383387627,90.61912357480213
2.22,-162.23482594214366,95.19809962636384,91.57971119210333
2.23,-440.4611856820387,92.18461956824294,92.51662478807637
2.24,-856.0660716995775,85.70198328133486,93.40605780232426
2.25,-1081.599025801027,76.01365779383184,94.2146360077001
2.26,-1008.3156415615126,65.56408445701913,94.92252471895435
2.27,-765.6551357185779,56.694230570618686,95.53381629409253
2.28,-470.6836483284153,50.51253665038372,96.06985013019754
2.29,-196.58325596629152,47.17620212891019,96.55829382409401
2.3000000000000003,-82.1416414750428,45.78257764170352,97.02308772294708
2.31,-183.62465244320143,44.4537461721123,97.47426934201616
2.32,-298.23243490395987,42.04446073537649,97.9067603765536
2.33,-162.47944243200337,39.740901348696674,98.31568718697397
2.34,253.6685967740835,40.19684712040708,98.71537592931949
2.35,764.7970454024293,45.28917533128964,99.14280604157797
2.36,947.5138534771974,53.85072982568778,99.63850556736286
2.37,420.4890420434669,60.6907443032911,100.21121293800775
2.38,-467.509203254185,60.45564349723751,100.81694487701039
2.39,-1009.4593057391792,53.07080095227069,101.38457709925792
2.4,-1070.1075940639475,42.67296645325505,101.86329593628555
2.41,-811.91933776996,33.262831794085514,102.24297492752225
2.42,-410.8145752256671,27.14916222910738,102.54503489763822
2.43,-380.5555637366438,23.192311534295825,102.79674226645524
2.44,-1392.74299157548,14.325818757735208,102.9843329179154
2.45,-3413.570325359719,-9.705747826940785,103.00743327256937
2.46,-5514.20539924812,-54.34462644997998,102.68718140118477
2.47,-6301.045249165353,-113.42087969204734,101.84835387047464
2.48,-4701.233431362167,-168.43227309468494,100.43908810654098
2.49,-1118.5026759157229,-197.5309536310744,98.60927197291218
2.5,2473.9621048039044,-190.75365648663347,96.66784892232364
2.51,4313.531424491303,-156.81618884015745,94.92999969568969
2.52,4825.079435169873,-111.12313454185156,93.59030307877964
2.53,5106.053694632109,-61.46746889284164,92.72735006160617
2.54,4898.828412860711,-11.443058355377538,92.36279742536507
2.5500000000000003,3743.596853287766,31.769067975364848,92.46442747346501
2.56,2053.2803948057226,60.75345421583229,92.927040084421
2.57,697.5318409143549,74.50751539443267,93.60334493247233
2.58,338.31581295300043,79.68675366376945,94.37431627776334
2.59,664.7453826721228,84.70205964189506,95.19626034429166
2.6,857.4733348902654,92.313153229707,96.08133640864966
2.61,578.825834273585,99.49464907552625,97.04037542017583
2.62,54.538055042079804,102.66146852210458,98.05115600816399
2.63,-420.8025168794081,100.83014621291794,99.0686140818391
2.64,-647.3626909479967,95.48932017378091,100.0502114137726
2.65,-473.6951056590649,89.8840311907456,100.97707817059523
2.66,8.414502050126615,87.55762817270092,101.86428646741247
2.67,414.0265273942084,89.66983331992259,102.75042377487559
2.68,462.63763555507904,94.05315413466903,103.66903871214855
2.69,227.39578751243656,97.5033212500066,104.62682108907192
2.7,-116.57657594228404,98.05741730785736,105.60462478186125
2.71,-331.8384883051565,95.81534198662015,106.57398857833364
2.72,-195.5541525915457,93.17837878213665,107.51895718217743
2.73,243.0344642810041,93.41578034058394,108.45192797779103
2.74,621.2963039391701,97.7374341816848,109.40769405040237
2.75,628.1887952542376,103.98485967765184,110.41630551969905
2.76,274.8020783888348,108.4998140458672,111.47872888831665
2.77,-131.59939430956732,109.21582746626353,112.56730709587731
2.78,-376.1542176029423,106.67705940670099,113.64677153024213
2.79,-453.5787209607592,102.52839471388248,114.69279880084505
2.8000000000000003,-312.865774141104,98.69617223837317,115.69892163560633
2.81,-99.64946663360638,96.63359603449962,116.67557047697069
2.82,-103.82826575670823,95.61620737254805,117.63681949400593
2.83,-371.948219959498,93.23732494396701,118.5810871555885
2.84,-736.425031383352,87.69545868725277,119.48575107374461
2.85,-921.6094622268128,79.40528621920194,120.32125479827688
2.86,-862.2380289294667,70.48604876342054,121.07071147318999
2.87,-709.2985427744109,62.62836590490115,121.7362835465316
2.88,-595.1703942974365,56.106021219541915,122.3299554821538
2.89,-540.6770349815798,50.426784073146834,122.86261950861726
2.9,-472.8453576463432,45.35917211000722,123.34154928953303
2.91,-380.0708909276682,41.094590867137164,123.77381810441875
2.92,-286.41013026727904,37.76218576116243,124.16810198756025
2.93,-128.12061928664312,35.689532013392814,124.53536057643302
2.94,164.92750002234257,35.87356641707131,124.89317606858535
2.95,485.531839048517,39.125863112425606,125.26817321623284
2.96,482.73344353607376,43.96718952534856,125.6836384794217
2.97,85.66138250305698,46.80916365554421,126.13752024532617
2.98,-359.23467442980177,45.44129719591049,126.59877254958344
2.99,-493.3089482747851,41.17857908238755,127.03187193097493
3.0,-261.11628398578307,37.40645292108471,127.42479709099229
3.01,104.50142811443564,36.62337864172797,127.79494624880635
3.02,107.40495207932914,37.68291054269679,128.16647769472848
3.03,-688.2279928386982,34.77879533889994,128.52878622413647
3.04,-2315.8322353798526,19.758494197807185,128.80147267182
3.0500000000000003,-4461.649632573468,-14.128915141959414,128.82962056709923
3.06,-6531.461346419348,-69.0944700369235,128.4135036412048
3.0700000000000003,-7526.80046545476,-139.38577909629404,127.37110239553873
3.08,-6505.503656255202,-209.54729970484385,125.62643700153303
3.09,-2955.910828031285,-256.8543721262763,123.29442864237744
3.1,2361.03550719478,-259.8287487304588,120.71101303809377
3.11,6860.658360981707,-213.72027938957638,118.34326789749359
3.12,8461.124238750122,-137.11136639091723,116.58910966859112
3.13,7522.679335073923,-57.192348521797,115.61759109402755
3.14,5335.109438562605,7.096595346385627,115.36711232815048
3.15,3019.070122057208,48.867493149484694,115.64693277062983
3.16,1545.9358768040374,71.69252314379092,116.24973285209622
3.17,997.4760453919108,84.40958275477067,117.03024338158902
3.18,794.7636749453401,93.37078135645692,117.91914520214516
3.19,688.5075144196561,100.7871373032819,118.88993479544385
3.2,541.0819648288517,106.93508469952444,119.92854590545788
3.21,263.97809231330456,110.96038498523522,121.01802325388168
3.22,51.865792242989016,112.53960440801669,122.13552320084794
3.23,-127.4877707539147,112.16149451546205,123.25902869546533
3.24,-366.344538950266,109.69233296694115,124.36829783287735
3.25,-436.7067324644085,105.67707660986778,125.44514488076139
3.26,-216.86033546824893,102.40924127020449,126.48557647016175
3.27,129.37785490169568,101.97182886737173,127.50748182084963
3.28,396.9932592672376,104.60368443821639,128.54035938737758
3.29,339.3639421591215,108.28547044534818,129.6048051617954
3.3000000000000003,-27.698944607083373,109.84379543310837,130.6954514911877
3.31,-293.18586737542034,108.23937137319585,131.78586732521921
3.3200000000000003,-176.7002006755491,105.88994103294101,132.8565138872499
3.33,76.74545318169508,105.39016729547174,133.91291442889195
3.34,252.031956859678,107.03405434567861,134.9750355370977
3.35,364.2651292260173,110.11553977610708,136.06078350770665
3.36,269.31951709692817,113.2834630077218,137.17777852162578
3.37,-80.94911520289622,114.22531501719196,138.31532241175034
3.38,-410.28251785771016,111.76915685188892,139.44529477109575
3.39,-469.1511516672684,107.37198850426402,140.54100049787652
3.4,-303.6387096061148,103.5080391978971,141.59540063638732
3.41,-44.15746791752704,101.7690583102789,142.62178612392822
3.42,-29.629597542119832,101.40012298298066,143.6376320303945
3.43,-487.8275046465277,98.81283747203743,144.6386968326696
3.44,-1121.0500312332904,90.76844979263834,145.58660326899297
3.45,-1444.7020648531222,77.93968931220627,146.43014396451719
3.46,-1348.653095948611,63.97291350819761,147.13970697861922
3.47,-1003.752717951505,52.21088443869702,147.7206259683537
3.48,-527.0799410267658,44.55672114380567,148.2044639962662
3.49,-100.6278078836324,41.41818239925367,148.6343385139815
3.5,61.29582431766964,41.22152248142386,149.0475370383849
3.51,-86.80609373568794,41.09397113433377,149.45911450646366
3.52,-332.2678215998341,38.99860155765616,149.8595773699236
3.53,-370.29180586272713,35.48580342034335,150.2319993948136
3.54,-51.514345813355824,33.37677266196294,150.57631227522515
3.5500000000000003,464.4541428831615,35.441471647311964,150.9204034967715
3.56,737.4533355900585,41.45100903967806,151.30486590020647
3.5700000000000003,464.06271931699166,47.45858931421331,151.74941389197593
3.58,-90.9722888054441,49.32404146677105,152.23332704588086
3.59,-430.60288029747073,46.71616562125647,152.713528081321
3.6,-492.15335464111865,42.102384446563526,153.1576208316601
3.61,-373.417248183694,37.77453143243946,153.55700541105512
3.62,-241.62278773608543,34.699331252840565,153.91937472448151
3.63,-475.100816451312,31.115713231903577,154.24844994690523
3.64,-1493.744090096186,21.271488699166085,154.51038595656058
3.65,-3454.846271153266,-3.4714631070811777,154.599386084521
3.66,-5629.734790748736,-48.894368416591185,154.33755692690264
3.67,-6364.935055071077,-108.86771764569025,153.54874649659124
3.68,-4702.750923041198,-164.20614753625162,152.18337717068152
3.69,-1841.722019798068,-196.92851225044797,150.37770387174803
3.7,267.7587388343535,-204.79832865526654,148.36906966721946
3.71,1900.193113383208,-193.95856939417874,146.37528517697223
3.72,4401.95532322131,-162.44782721115615,144.59325319394554
3.73,6605.374714193769,-107.41117702408076,143.24395817276937
3.74,6590.570346304654,-41.431451721588644,142.499745029041
3.75,4844.860048517412,15.745700252521686,142.37131627169566
3.76,2896.723280004116,54.45361689512933,142.7223128574339
3.77,1457.9750551163336,76.22710857073159,143.37571648476322
3.78,798.7863593050317,87.51091564283841,144.19440660583106
3.79,867.4682810675195,95.84218884470117,145.11117212826875
3.8,1134.8036588264529,105.85354854417103,146.1196508152131
3.81,1025.2515925922264,116.65382480126443,147.23218768194027
3.82,384.7474908749981,123.70382021860055,148.4339759070396
3.83,-362.7121264296233,123.81399704082743,149.67156499333674
3.84,-690.2729498684336,118.54907165933714,150.88338033683758
3.85,-537.3904887222355,112.41075446638379,152.0381794674662
3.86,-147.52870166775494,108.98615851443384,153.14516403237027
3.87,96.36303411873844,108.73033017668875,154.23374647582588
3.88,-104.95683390540891,108.6873611777554,155.3208349325981
3.89,-543.2947082768196,105.44610346684426,156.3915022558211
3.9,-717.2636188180235,99.14331183137004,157.4144493323122
3.91,-513.9376601919512,92.98730543632017,158.37510241865064
3.92,-177.1925476086752,89.53165439731704,159.28769721781882
3.93,165.98114698106167,89.47559739417898,160.1827334767763
3.94,450.06490964635685,92.55582767731607,161.09289060213376
3.95,451.6809326164803,97.06455688863026,162.04099252496349
3.96,245.39671465296584,100.5499451249775,163.02906503503152
3.97,145.1234813784617,102.50254610513464,164.0443274911821
3.98,148.3117996843271,103.96972251044859,165.07668883426
3.99,40.69356437493413,104.9147493307449,166.121111193466
4.0,-125.97531052600702,104.48834059998953,167.16812664311968
4.01,-288.56498523902985,102.41563912116435,168.20264654172544
4.0200000000000005,-535.724064720849,98.29419387136495,169.20619570668808
4.03,-819.2496662803104,91.51932521635916,170.15526330212668
4.04,-909.693972410275,82.87460702290623,171.027232963323
4.05,-880.1752241660797,73.92526104002445,171.81123230363767
4.0600000000000005,-865.4907531839725,65.19693115327419,172.50684326460416
4.07,-706.5564400017544,57.336695187345555,173.11951139630725
4.08,-325.36993313672144,52.17706332165318,173.66708018885225
4.09,-5.475132884270377,50.52283799154822,174.18057969541826
4.1,-15.163242866834684,50.4196461127927,174.68529211593997
4.11,-273.1514399362832,48.97807269877711,175.18228070999783
4.12,-441.760610071602,45.403512448737686,175.6541886357354
4.13,-384.8324011559439,41.27054739259996,176.0875589349421
4.14,-172.3603082534577,38.48458384555295,176.48633459113287
4.15,87.92225277158443,38.062393568143584,176.86906947820137
4.16,278.84288779371616,39.896219270970086,177.25886254239694
4.17,351.47990780052646,43.0478332489413,177.6735828049965
4.18,213.39174229752987,45.87219149943159,178.11818292873838
4.19,-188.81520268607252,45.995074197488876,178.57751925722297
4.2,-470.2505333196946,42.69974551746004,179.0209933557977
4.21,-294.6444318416249,38.87527069165344,179.4288684368433
4.22,3.9427705699425872,37.42176238529503,179.81035360222802
4.23,-137.46025796606978,36.75417494831439,180.18123328889607
4.24,-1151.2789063332457,30.310479126817818,180.51655655927172
4.25,-3114.1282530177614,8.98344333006278,180.71302617155612
4.26,-5165.922727948025,-32.41681157476614,180.59585933033262
4.2700000000000005,-5833.075905682317,-87.41180474291785,179.9967162487442
4.28,-4193.97291256749,-137.5470488341669,178.8719219808588
4.29,-1030.4980430266564,-163.66940361213764,177.36583971862726
4.3,1379.4911675958274,-161.9244379892918,175.7378705106201
4.3100000000000005,2398.894985522503,-143.03250722370012,174.21308578455515
4.32,3594.7396487233927,-113.06433405247064,172.93260157817429
4.33,4788.732948667051,-71.14697106551843,172.01154505258435
4.34,4703.495681508938,-23.685827914638487,171.53738105768358
4.3500000000000005,3682.825636571124,18.245778675761827,171.5101808114892
4.36,2505.771668999339,49.188765203614146,171.84735353088607
4.37,1418.550500283884,68.81037605003026,172.43734923715428
4.38,719.1164058808134,79.49871058085374,173.1788946703087
4.39,603.0651439379283,86.10961832994745,174.0069363148627
4.4,799.5863529233576,93.12287581425389,174.90309878558372
4.41,735.4038824048173,100.79782699089476,175.87270229960947
4.42,182.52511826183056,105.38747199422801,176.90362879453508
4.43,-477.7426693737007,103.91138423866866,177.95012307569957
4.44,-767.5379607984282,97.68498108780801,178.95810490233194
4.45,-637.7798560838781,90.65839200339649,179.89982176778796
4.46,-338.076556366816,85.77910994114302,180.78200927751064
4.47,-68.56125638851786,83.74592087736634,181.6296344316032
4.48,82.79955433006735,83.81711236707409,182.4674495978254
4.49,78.19657153752493,84.62209299641205,183.30964562464283
4.5,7.411300936270223,85.05013235878103,184.15800675141878
4.51,67.82170998468246,85.4262974133858,185.01038890027962
4.5200000000000005,303.21180418499245,87.28146498423418,185.87392771226772
4.53,463.8089003315523,91.1165685068169,186.76591787972296
4.54,363.4785018606055,95.2530055177777,187.69776574984593
4.55,151.21278776098472,97.82646196588564,188.66316308726425
4.5600000000000005,-47.54749977078788,98.34478840583662,189.64401933912285
4.57,-167.95413755545914,97.26728021920539,190.62207968224806
4.58,-153.37279784520632,95.66064554220206,191.5867193110551
4.59,-107.57761833195582,94.35589346131626,192.5368020060727
4.6000000000000005,-66.98131802518468,93.48309877953055,193.47599696727693
4.61,-29.33037883029596,93.00154029525315,194.40842016265086
4.62,-171.29467299328755,91.99841503613523,195.3334199393078
4.63,-543.2621116628156,88.42563111285472,196.23554017005273
4.64,-886.5576190935544,81.27653245907287,197.08405098791238
4.65,-994.878829620846,71.86935021550087,197.84978040128524
4.66,-854.4609428206805,62.622651353293236,198.5222404091292
4.67,-519.4054223692456,55.753319527343606,199.11412026353239
4.68,-138.16585906959975,52.46546312014938,199.65521417676985
4.69,57.64709527633846,52.06286930118307,200.1778558388765
4.7,-66.85594248799067,52.01682506512481,200.69825431070802
4.71,-342.5205844028658,49.96994243067053,201.208188148187
4.72,-489.8523040448519,45.80807798843194,201.6870782502825
4.73,-444.08374626883307,41.13839773686352,202.12181062890897
4.74,-219.1970534644335,37.821993738197186,202.51661258628428
4.75,194.33792901799436,37.69769811596499,202.8942110455551
4.76,555.1621320148909,41.44519842112942,203.28992552824056
4.7700000000000005,522.6196498360929,46.83410733038434,203.73132205699812
4.78,71.49056391014561,49.80465839911553,204.21451588564562
4.79,-356.5258810712997,48.37948181330976,204.70543658670775
4.8,-421.2390293781475,44.49065726106252,205.1697872820796
4.8100000000000005,-258.27776004152264,41.09307331396417,205.59770593495472
4.82,-190.58155915598977,38.848776717976605,205.99741518511442
4.83,-355.8886878756854,36.11642548281823,206.37224119611838
4.84,-1039.9210654888352,29.13737671599563,206.69851020711246
4.8500000000000005,-2601.8575623775305,10.928483576663801,206.89883950857575
4.86,-4535.785550428743,-24.759731987367566,206.82968326652224
4.87,-5674.769875141566,-75.81250911521911,206.3268220610093
4.88,-5212.968723832845,-130.25120211009119,205.29650350488274
4.89,-3168.375571683307,-172.15792358767195,203.78445787639393
4.9,-453.5846599871247,-190.2677247460241,201.97232963472544
4.91,2186.907902467807,-181.60110853362067,200.11298546832722
4.92,4749.810828170111,-146.9175148804311,198.47039235125698
4.93,6406.284700798852,-91.13703723558629,197.2801195906769
4.94,5855.038174846512,-29.830422857359466,196.67528229021215
4.95,3753.805220347682,18.21379411861151,196.6171991465184
4.96,1896.4239187391408,46.46493981404562,196.9405928161817
4.97,1026.8337838660573,61.081228327071614,197.47832365688728
4.98,911.0887125856492,70.77084080933015,198.1375840025693
4.99,1102.6545144874171,80.83955694469549,198.89563599133942
5.0,1176.893521919607,92.23729712673061,199.76102026169656
5.01,758.029705132288,101.91191326199008,200.73176631364015
5.0200000000000005,-67.71225731484813,105.36350050107728,201.7681433824555
5.03,-714.5928824022137,101.45197480249197,202.80222075897333
5.04,-809.8535764079328,93.82974250844124,203.778629345528
5.05,-520.4735399712229,87.17810692654547,204.68366859270293
5.0600000000000005,-161.8203592561781,83.76663743040847,205.5383923144877
5.07,111.32362150344872,83.51415374164482,206.37479627034799
5.08,333.04989704463645,85.73602133438524,207.22104714572814
5.09,495.1624874539485,89.87708325687817,208.09911266868446
5.1000000000000005,479.034065513717,94.7480660217165,209.02223841507742
5.11,272.4042881766051,98.5052577901681,209.98850503413684
5.12,64.01853134012998,100.18737188775178,210.98196818252643
5.13,101.97165485956486,101.01732281875026,211.98799165605894
5.14,294.80199720003566,103.00119107904825,213.00808422554792
5.15,364.4393679526548,106.2973979048117,214.0545771704672
5.16,199.8885359385997,109.11903742426797,215.13165934711262
5.17,-91.48585909180264,109.66105080850195,216.22555978827646
5.18,-396.9014443223669,107.21911429143111,217.30996061377613
5.19,-556.7729177960651,102.45074248083895,218.35830989763747
5.2,-455.15183594233,97.39111871214698,219.3575192036024
5.21,-195.9740316588621,94.13548937414102,220.31515224403384
5.22,-91.00429081366892,92.70059776177837,221.24933267971343
5.23,-391.68935869595424,90.28712951423026,222.16427131609348
5.24,-926.2155821277732,83.69760481011163,223.03419498771518
5.25,-1261.1548923133173,72.76075243790618,223.81648677395526
5.26,-1177.418950158151,60.56788322554884,224.48312995227255
5.2700000000000005,-820.3627143410904,50.57897490305263,225.03886424291557
5.28,-404.15950783982703,44.456363792148046,225.51404093639158
5.29,-97.01518205649224,41.95049034266645,225.94607520706566
5.3,-30.91039824048926,41.31086244118154,226.3623819709849
5.3100000000000005,-171.99825869131178,40.296319156522536,226.77041787897343
5.32,-287.10934340114045,38.00078114606028,227.16190338048634
5.33,-202.3355293115505,35.55355678249682,227.52967507012912
5.34,81.22147796594795,34.947986525768805,227.88218278667046
5.3500000000000005,379.61109431346586,37.25214938716587,228.24318346623514
5.36,557.7955543609361,41.939182630537886,228.63914012632367
5.37,465.12987050672297,47.053809754876184,229.08410508825074
5.38,-12.481116282609246,49.317053525996755,229.5659594046551
5.39,-511.34618726068913,46.697917008280264,230.04603425732648
5.4,-487.20138927294215,41.705179125612105,230.48804973799594
5.41,44.99486162225483,39.49414648735867,230.8940463660608
5.42,533.0099513349816,42.38417055214485,231.3034379512583
5.43,304.48404830333664,46.57164055033644,231.74821700677072
5.44,-938.5450334313218,43.401335624696515,232.19808188764588
5.45,-2794.496235729828,24.736129278890765,232.53876921216383
5.46,-4691.266326391067,-12.692683531713712,232.59898644089972
5.47,-6323.924564462437,-67.76863798598123,232.19667983331124
5.48,-6918.570907169961,-133.98111534414323,231.1879310666606
5.49,-5171.914997655224,-194.43354486826917,229.54585776559856
5.5,-1086.9155821056306,-225.72769776707344,227.44505155242183
5.51,3202.902024751877,-215.1477655538422,225.24067423581727
5.5200000000000005,5972.769521051898,-169.2694078248233,223.31858836892394
5.53,7069.322273890181,-104.0589488501129,221.95194658554925
5.54,6420.948141097894,-36.607596775172524,221.2486138574228
5.55,4550.4137244097965,18.249212552365925,221.15682193630877
5.5600000000000005,2637.285197668198,54.1877071627559,221.51900653488437
5.57,1192.5293082866312,73.33677969253004,222.1566289691608
5.58,530.5911154260108,81.95238181109326,222.93307477667892
5.59,635.3228462579018,87.78195161951282,223.78174644383196
5.6000000000000005,887.982629046609,95.39847899603538,224.69764859690972
5.61,758.5629424270984,103.63120685340391,225.6927970261569
5.62,167.26030820154054,108.2603231065471,226.75225467595666
5.63,-483.6309415754144,106.67846993967774,227.82694864118778
5.64,-718.4887315361781,100.66787157411977,228.86368034875676
5.65,-535.6885995924636,94.39698491847656,229.83900463121975
5.66,-146.49937229176118,90.98604505905544,230.7659197811074
5.67,277.7209921471586,91.64215315833243,231.67906077219436
5.68,458.08474740676354,95.32118185610204,232.61387744726653
5.69,184.72477266254663,98.53522945644859,233.58315950382928
5.7,-294.0301028366324,97.98870280557816,234.56577916513942
5.71,-469.5578245104592,94.1707631688427,235.5265764950115
5.72,-222.55245208428616,90.71021178586896,236.45098136978507
5.73,272.24214153943745,90.95866023314473,237.35932572988014
5.74,768.3534760306715,96.16163832099527,238.29492722265084
5.75,936.841320768836,104.6876123049928,239.29917347578078
5.76,571.652915879714,112.23008348823555,240.38376195474692
5.7700000000000005,-91.5285787798869,114.63070517373468,241.51806589805676
5.78,-532.3011131427083,111.51155671412171,242.64877720749604
5.79,-567.822908935901,106.01093660372867,243.7363896740853
5.8,-378.35932968370366,101.28002541063064,244.7728444841571
5.8100000000000005,-148.68489140044517,98.6448043052099,245.77246863273632
5.82,-49.48269027476618,97.65396639683385,246.75396248624654
5.83,-258.41466849365816,96.11447960299174,247.72280471624566
5.84,-729.6879024020178,91.17396674851335,248.6592469480032
5.8500000000000005,-1148.517376082926,81.78294035608863,249.5240314835262
5.86,-1169.2384601626695,70.19416117486065,250.28391699118094
5.87,-770.1230365746212,60.4973536911742,250.9373745655111
5.88,-310.50989762248065,55.094189020188686,251.51533227906793
5.89,-229.06820089931827,52.39629852757969,252.05278471680677
5.9,-517.7400552858063,48.662257246654065,252.55807749567794
5.91,-691.4366895731813,42.616373522359126,253.014470649523
5.92,-512.03312470814,36.59902445095252,253.41054763938956
5.93,-147.78384967407234,33.29993957904146,253.76004245953953
5.94,226.823708964075,33.69513887549147,254.0950178518122
5.95,566.6376840747187,37.66244584068544,254.4518057753931
5.96,702.6883287293974,44.00907590470602,254.86016338412006
5.97,431.8195900075188,49.681615498390606,255.32861684113553
5.98,-54.64834966333419,51.56747170011153,255.83486227712802
5.99,-288.5063288434828,49.85169830757745,256.3419581271665
6.0,-176.690710215431,47.52571311228288,256.8288451842658
6.01,64.48467355280155,46.96468292896973,257.30129716447203
6.0200000000000005,193.1895570425204,48.25305408194634,257.77738584952664
6.03,-252.88216063772603,47.95459106397031,258.25842407525624
6.04,-1659.8761248651217,38.39079963645607,258.69015102875835
6.05,-3646.6629997678215,11.858104013291353,258.94139554700706
6.0600000000000005,-5377.205088318665,-33.26123642714108,258.8343798849378
6.07,-6411.035185252556,-92.20243779499718,258.2070615138271
6.08,-6645.257981565054,-157.48390362908523,256.9586298067067
6.09,-5546.89389100286,-218.44466299192482,255.07898697360167
6.1000000000000005,-2256.3866036226973,-257.4610654650526,252.69945833131678
6.11,2701.9473622874407,-255.2332616717289,250.13598669563288
6.12,6984.383528530623,-206.8016072176386,247.82581235118604
6.13,8500.000000000002,-129.3796895749855,246.14490586722292
6.140000000000001,7244.048828216692,-50.65944543390202,245.24471019217847
6.15,4871.091487261754,9.916256143490209,245.0409942457264
6.16,2788.317296623253,48.213300062915245,245.33164202675843
6.17,1377.1295505333296,69.04053429869816,245.9179111985665
6.18,730.3225555962,79.5777948293458,246.6610028442067
6.19,793.2523332301623,87.19566927347762,247.49487016472082
6.2,1206.7666683789876,97.19576428152337,248.4168273324958
6.21,1395.9271025941343,110.20923313638897,249.45385231958537
6.22,896.8863386179988,121.67330034244964,250.61326498697957
6.23,-130.72066742019703,125.50412869843865,251.849152132184
6.24,-856.6383084836635,120.56733381891935,253.0795094447708
6.25,-769.5771197164516,112.43625667791878,254.24452739725498
6.26,-170.312735352631,107.73680740257336,255.34539271765743
6.2700000000000005,361.8038873741854,108.69426316268114,256.4275480704837
6.28,389.8765480776105,112.45266533994013,257.53328271299677
6.29,28.53625757527141,114.54472936820453,258.6682696865375
6.3,-197.346724883742,113.70067703166218,259.8094967185368
6.3100000000000005,-152.41088575035326,111.95188897849171,260.93775954858756
6.32,-127.04824194614032,110.55459334000925,262.05029196018006
6.33,-167.19105444644697,109.08339685804631,263.14848191117034
6.34,-153.1889203961394,107.48149698383338,264.23130638037975
6.3500000000000005,-72.52246379428045,106.35294006288129,265.30047856561333
6.36,-16.824196115913832,105.90620676333032,266.3617742997444
6.37,-96.42613380421356,105.33995511372969,267.4180051091297
6.38,-220.13284110477312,103.75716023918476,268.46349068589427
6.390000000000001,-143.1787027571283,101.94060251987526,269.4919794996896
6.4,94.02262550481645,101.6948221336137,270.510156622957
6.41,146.93210514813305,102.89959578687845,271.53312871255946
6.42,-183.28910137829035,102.71781080572767,272.5612157455225
6.43,-640.7756274759959,98.59748716145623,273.5677922353584
6.44,-926.4284469588064,90.76146678928222,274.5145870051121
6.45,-1066.1122869480455,80.79876311974796,275.37238815465724
6.46,-1082.4240499638374,70.05608143518855,276.1266623774319
6.47,-896.0177067915029,60.16387265141184,276.7777621478649
6.48,-580.0573109192767,52.783497562857946,277.34249899893626
6.49,-327.02327075472374,48.24809465448794,277.847656960023
6.5,-249.72369876045923,45.36435980691203,278.31571923233
6.51,-279.6303772213053,42.717589427003205,278.7561289784996
6.5200000000000005,-268.43629906545306,39.97725604556941,279.1696032058625
6.53,-193.67287900239364,37.66671015523018,279.55782303686647
6.54,-23.836857917677182,36.57916147062982,279.9290523949958
6.55,329.9634803151329,38.1097945826171,280.30249717526203
6.5600000000000005,762.824272879406,43.57373334858979,280.71091481491806
6.57,834.4962101895115,51.560335763934376,281.18658516048066
6.58,237.2484633202124,56.919059131482996,281.72898213495773
6.59,-629.2285211750901,54.95915884220861,282.2883732248262
6.6000000000000005,-966.8965846755436,46.97853331295544,282.798061685602
6.61,-621.2146250598435,39.03797726427851,283.2281442384882
6.62,-47.527606621970754,35.69426610586944,283.60180545533893
6.63,60.36916048486721,35.758473875183924,283.9590691552442
6.640000000000001,-941.3461877258004,31.35358873897926,284.294629468315
6.65,-2936.649759127374,11.963609004713383,284.5112154570335
6.66,-4992.749475838128,-27.683387170114123,284.4326165662065
6.67,-6323.673302224333,-84.26550106042643,283.8728721250538
6.68,-6288.218923500703,-147.3249621890516,282.71491980880637
6.69,-4185.8432047410415,-199.69527283026034,280.9798186337098
6.7,-230.9324691610133,-221.7791511997706,278.8724465135596
6.71,3973.023279452537,-203.068697148313,276.7482072718192
6.72,6663.66971216682,-149.88523219021621,274.98343762512656
6.73,7214.621661301252,-80.49377532287585,273.8315425875611
6.74,6074.65855846844,-14.047374224027394,273.3588368398266
6.75,4081.011884399317,36.73097799031139,273.472254858658
6.76,2066.31756314804,67.46762522804818,273.9932478747498
6.7700000000000005,678.553352363758,81.19197980560716,274.73654589991804
6.78,188.0704019880156,85.52509857736602,275.5701312918329
6.79,391.9324805034248,88.42511298982322,276.4398823496689
6.8,755.9064334676581,94.16430755967863,277.3528294524164
6.8100000000000005,738.0590033566405,101.63413474380013,278.3318216639338
6.82,393.97727949479327,107.2943161580573,279.3764639184431
6.83,134.81811974365849,109.93829315424956,280.46262696500463
6.84,-50.48611537362488,110.35995317609974,281.56411819665635
6.8500000000000005,-246.81965217682705,108.87342433834748,282.6602850842286
6.86,-370.33357883509086,105.78765818328789,283.73359049683677
6.87,-378.4878296139329,102.04355114104277,284.7727465434584
6.88,-248.8912748515466,98.90665561871538,285.77749757725724
6.890000000000001,-80.77304137617138,97.25833403757679,286.7583225255387
6.9,-109.50905183992052,96.30692357149633,287.7261488135841
6.91,-255.3867065566081,94.48244477951368,288.68009565533913
6.92,-183.86695965076092,92.28617644847684,289.61393876147906
6.93,122.20405141370247,91.97786190729154,290.5352589532579
6.94,354.4121456610204,94.36094289266515,291.4669529772577
6.95,297.22406223103144,97.6191239321254,292.42685331138165
6.96,-1.1677494468591276,99.09940549604626,293.41044595852253
6.97,-302.8783080245783,97.57917520868907,294.3938388620462
6.98,-373.6886718429108,94.19634030935163,295.3527164396364
6.99,-214.75452662010255,91.25412431703656,296.27996876276836
7.0,11.4794245168167,90.23774880652013,297.18742812838616
7.01,134.2280836705823,90.96628634745713,298.093448304156
7.0200000000000005,-34.75362379552721,91.4636586468324,299.0055980291275
7.03,-493.3897960592425,88.82294154755856,299.90703103009946
7.04,-956.1942522150492,81.5750213061871,300.7590208443682
7.05,-1158.624912052425,71.00092548484973,301.52190057832337
7.0600000000000005,-1065.4774563092171,59.88041364304152,302.17630727396283
7.07,-708.071567832236,51.01266852233425,302.7307726847897
7.08,-217.73144035472995,46.38365348139942,303.2177542948084
7.09,109.11071604024951,45.84054985982702,303.67887531151456
7.1000000000000005,89.49998306250633,46.8336033553408,304.1422460775904
7.11,-181.7221046909568,46.37249274719855,304.6082765581031
7.12,-318.15773217284345,43.873093562879546,305.0595044896535
7.13,-121.50869691160848,41.67476141745729,305.48724376455516
7.140000000000001,266.429870998484,42.39936728789167,305.9076144080819
7.15,591.2281067897557,46.68765717683287,306.3530495304055
7.16,612.8190596669635,52.70789300911647,306.85002728133526
7.17,259.2419646074434,57.068198130488504,307.39890773703326
7.18,-274.14541925899533,56.99368085723074,307.96921713197185
7.19,-612.1919899360265,52.56199381125563,308.5169955053143
7.2,-525.86604656796,46.8717036287357,309.0141639925142
7.21,-200.4006185925205,43.2403703029333,309.46472436217255
7.22,-133.15842481167877,41.572575085912305,309.88878908911676
7.23,-521.5809823248687,38.29887805022957,310.28814635479745
7.24,-1317.1542585608292,29.105201845801076,310.6251667542776
7.25,-2739.8086018923723,8.820387543535066,310.8147947012243
7.26,-4689.618529354265,-28.326748112698123,310.71726289837846
7.27,-6051.677756752894,-82.03322954323392,310.1654630100988
7.28,-5510.677259084482,-139.8450046224208,309.05607183927054
7.29,-3093.0918639179013,-182.8638502374327,307.4425275649713
7.3,243.8094372575125,-197.11026237073463,305.5426570019304
7.31,3583.0213816447804,-177.97610827622316,303.66722514869565
7.32,5779.2206352163785,-131.16489819191736,302.12152011635493
7.33,6236.455657618335,-71.0865167277438,301.11026304175664
7.34,5482.006842794708,-12.49420422567858,300.69235943698953
7.35,3995.315906849658,34.89240952254325,300.80435046347384
7.36,2112.988504740744,65.43393158049525,301.30598216898903
7.37,636.9952684894018,79.18385044664598,302.0290710791247
7.38,209.46984003729844,83.41617598927948,302.84207121130436
7.390000000000001,433.11312761491297,86.62909082754054,303.69229754538844
7.4,524.1399145439906,91.41535603833506,304.5825197797178
7.41,309.2874615897342,95.58249291900368,305.51750902450453
7.42,46.79453714388681,97.36290291267179,306.48223600366293
7.43,-145.9505399474209,96.86712289865412,307.4533861327196
7.44,-225.5010571802423,95.0098649130158,308.4127710717779
7.45,-195.494157759348,92.90488883831785,309.35234484053456
7.46,-84.50313118482399,91.50490239359698,310.27439379669414
7.47,86.3253595225043,91.51401353528539,311.18948837633855
7.48,201.91137619273724,92.9551972138616,312.1118344300843
7.49,64.5421211303473,94.28746470047702,313.048047739656
7.5,-283.7588810264332,93.19138090099659,313.98544196766335
7.51,-454.48202029179,89.50017639440547,314.89889975414036
7.52,-245.4902024671636,86.0003152806107,315.77640221251545
7.53,159.90440914691138,85.57238631400945,316.63426572048854
7.54,526.8038777162469,89.00592774832523,317.5071572908002
7.55,641.446614965003,94.84718021173148,318.4264228306005
7.56,352.4963124678283,99.81689484889564,319.39974320590363
7.57,-132.2177785817263,100.91828751832615,320.40341911773976
7.58,-424.666202144178,98.13386761469663,321.39867989340485
7.59,-451.8128439503951,93.75147238422376,322.35810659339944
7.6,-321.839599528148,89.88321016683105,323.2762800061547
7.61,-173.44354272068117,87.4067944555869,324.1627300292668
7.62,-114.28259617177032,85.96816376112464,325.02960482035036
7.63,-213.8872093018298,84.32731473375664,325.88108221282477
7.640000000000001,-508.3398037978471,80.71617966825825,326.70629968483485
7.65,-810.4905025506312,74.12202813651587,327.48049072385874
7.66,-806.8005201181595,66.0355730231719,328.18127872965715
7.67,-554.7282265665605,59.2279292897483,328.80759624122175
7.68,-299.1736386336436,54.95841996374728,329.37852798748924
7.69,-185.58810418656984,52.53461124964622,329.9159931435562
7.7,-262.7976594600401,50.29268243141317,330.4301296119615
7.71,-460.5078350065936,46.67615495908,330.91497379891393
7.72,-540.0797568571376,41.673216999761344,331.3567206587081
7.73,-321.32957665583507,37.36617033219648,331.7519175953679
7.74,90.27580001604174,36.21090144899752,332.1198029542739
7.75,429.3162941722576,38.80886191993901,332.4949017711186
7.76,534.7937092133652,43.62941193686713,332.9070931404026
7.77,391.1887325997138,48.259324145932524,333.3665368208166
7.78,-19.589045713231307,50.117322580364934,333.85842005444806
7.79,-479.2350342094399,47.623202180751576,334.34712267825364
7.8,-497.6326458033031,42.738863780687865,334.7989330080608
7.81,-113.09187709888644,39.685241166176915,335.2110535327952
7.82,10.396100010067045,39.17176228073282,335.6053385500297
7.83,-604.0621403419353,36.20343207907348,335.9822145218288
7.84,-1973.077030036853,23.317736227179537,336.27982036336005
7.85,-4067.69848612678,-6.886141353638628,336.36197833772775
7.86,-6489.039937146262,-59.66983347000384,336.02919846360953
7.87,-7713.490010101258,-130.68248320624144,335.07743688022833
7.88,-6065.99196950702,-199.57989310428283,333.42612499867573
7.890000000000001,-1528.5314355431162,-237.55251012953352,331.24046298250664
7.9,3410.7826306337583,-228.14125415408031,328.91199416108856
7.91,5794.362848668497,-182.11552675756903,326.8607102565303
7.92,5794.728211478217,-124.17007145683544,325.3292822654583
7.930000000000001,5428.75295274374,-68.05266563572565,324.3681685799955
7.94,4934.43021144212,-16.236749814796347,323.9467215027429
7.95,3766.7369684390665,27.269086084609583,324.001883184092
7.96,2325.721056657808,57.731376210093956,324.4268854955655
7.97,1148.070768375006,75.10033533525802,325.09104405329225
7.98,627.2577159985931,83.97697775712602,325.88643061875416
7.99,798.3329766415143,91.10493122032656,326.7618401636414
8.0,1081.4477563590724,100.5038348853295,327.71988399416966
8.01,868.4720344745806,110.25343383949776,328.7736703377938
8.02,211.46873452409372,115.65313768449113,329.90320319541377
8.03,-352.1281744530779,114.9498404848462,331.05621808626046
8.040000000000001,-542.0780325454485,110.47880944985357,332.18336133593397
8.05,-447.0320610917223,105.53325898166771,333.26342167809156
8.06,-221.4620194744551,102.19078857883683,334.3020419158941
8.07,-9.73427731253699,101.03480709490186,335.3181698942628
8.08,22.885584195599208,101.10056362931718,336.32884674788386
8.09,-17.816391451882726,101.12590959303576,337.33997911399564
8.1,-69.85737050003965,100.68754078327615,338.3490463658772
8.11,-128.44269075983613,99.69604047697678,339.3509642721785
8.120000000000001,-28.728668426577656,98.91018368104471,340.3439953929686
8.13,211.6213292514105,99.82464698516888,341.3376695462997
8.14,417.44505964569055,102.96997892965439,342.35164267587385
8.15,548.360343437274,107.79900594506921,343.40548760024745
8.16,558.8007628281816,113.3348114763965,344.5111566873548
8.17,307.0618263873566,117.66412442247419,345.66615136684914
8.18,-119.0893797872143,118.6039866554749,346.8474919222389
8.19,-484.5083205124791,115.58599815397643,348.0184418462861
8.2,-669.921845342049,109.8138473247038,349.14544107367954
8.21,-689.0399384392312,103.0190384057974,350.20960550233207
8.22,-692.6182616223322,96.11074740548959,351.2052544313885
8.23,-745.4374962875577,88.92046861594014,352.13041051149565
8.24,-834.1401988956095,81.0225801400243,352.9801257552755
8.25,-924.9377509742072,72.22719039067522,353.746374607929
8.26,-943.5323711130544,62.884839780238906,354.42193475878355
8.27,-770.1848805493945,54.31625352192666,355.00794022529436
8.28,-471.9889024038685,48.105384607160346,355.5200484159398
8.290000000000001,-214.87486375448452,44.67106577636858,355.98393066785746
8.3,-68.71975244877623,43.25309269535227,356.42355146021606
8.31,-81.82161490071823,42.5003858586048,356.85231885298583
8.32,-167.6018454700673,41.253268556750875,357.2710871250626
8.33,-69.46789786673831,40.06791984006685,357.6776930670467
8.34,290.4216225810026,41.172688463638174,358.0838961085652
8.35,649.1279404153992,45.87043627862018,358.51911173227654
8.36,688.8576930088642,52.5603644457415,359.01126573589835
8.370000000000001,270.8711089425664,57.35900845549865,359.56086260040456
8.38,-307.55310605073964,57.175598469957784,360.1335356350318
8.39,-604.1612781997602,52.61702654870528,360.68249876012516
8.4,-577.5628476124148,46.708405919644406,361.1791259224669
8.41,-458.74927584439087,41.52684530236038,361.6203021785769
8.42,-345.1504567697435,37.50734663928971,362.01547313828513
8.43,-556.1982593865863,33.000603058508055,362.3680128867741
8.44,-1662.1898874724802,21.90866232421272,362.6425592136877
8.45,-3693.1300452076025,-4.867937339187691,362.7277628386128
8.46,-5685.916646151826,-51.763170795984834,362.44460729793695
8.47,-6545.341272161705,-112.91946038755249,361.62119414201925
8.48,-5843.969692748872,-174.86601521210537,360.18226676402094
8.49,-3109.382480232028,-219.63277607700985,358.20977280757535
8.5,1268.5573294865774,-228.8369018307371,355.9674244180366
8.51,5091.7196193715245,-197.0355170864466,353.8380623234507
8.52,6902.614329389769,-137.06384734264012,352.16756550130526
8.53,6864.811203153599,-68.22671967992326,351.14111266619244
8.540000000000001,5392.721199864669,-6.939057664831928,350.7652837794687
8.55,3303.499695793995,36.54204681346139,350.91329872521186
8.56,1649.2411538147817,61.305751061505276,351.4025377145867
8.57,779.2072548321631,73.44799310474,352.0763064354179
8.58,542.6927102725552,80.05749293026358,352.8438338655929
8.59,781.7862324250851,86.67988764375178,353.67752076846295
8.6,1225.1801908810107,96.71471976028226,354.5944938054831
8.61,1329.326889876677,109.4872551640707,355.6255036801049
8.620000000000001,739.1089979314412,119.8294346031113,356.77208712894077
8.63,-166.5268223790246,122.69234548087339,357.9846960293607
8.64,-741.7541227204878,118.15094075537583,359.1889124605419
8.65,-769.439859379434,110.59497084487622,360.3326420185432
8.66,-415.0281965480798,104.67263056523865,361.4089800255938
8.67,4.121488515695337,102.61809702507672,362.4454336635454
8.68,128.13224544349782,103.27936569487268,363.47492097714513
8.69,-89.23693249544068,103.47384225961297,364.5086870169176
8.700000000000001,-425.0920340330461,100.90219742697053,365.5305672153505
8.71,-566.8264119767618,95.94260519692149,366.51479122846996
8.72,-277.5973858172002,91.72048620795168,367.45310668549433
8.73,314.4139316367606,91.90456893704948,368.37123196121934
8.74,768.8463892203038,97.3208705413348,369.3173591586113
8.75,792.0263843430312,105.12523440915147,370.32958968336374
8.76,441.1860249443194,111.29129645558822,371.41167233768743
8.77,-87.95273209706366,113.0574629198245,372.5334161345645
8.78,-556.2179743889482,109.83660938739445,373.6478864961006
8.790000000000001,-705.509028017566,103.52797437536188,374.7147094149144
8.8,-565.0979230301517,97.1749396201233,375.71822398489184
8.81,-398.364648481302,92.35762676256603,376.66588681680525
8.82,-301.19419445920386,88.8598325478635,377.5719741133574
8.83,-343.48126295377466,85.63645526079861,378.4444555524007
8.84,-629.2651617838566,80.77272313711046,379.27650144439025
8.85,-913.7105544509548,73.0578445559364,380.0456542828555
8.86,-890.6248516008822,64.03616752567721,380.73112434326356
8.870000000000001,-642.9725327127267,56.36818060410917,381.3331460839125
8.88,-363.3156572786124,51.336739654152474,381.8716706852038
8.89,-156.70589030419674,48.73663191623843,382.37203754305574
8.9,-85.01203611209779,47.52804228415696,382.8533609140577
8.91,-222.7704417452217,45.98912989487036,383.32094677495286
8.92,-429.6465282081662,42.72704504510342,383.76452764965273
8.93,-411.4825222350588,38.521399792887294,384.1707698738427
8.94,-41.821333304675775,36.254880515188624,384.54465127538305
8.950000000000001,455.06713526356,38.321109524983044,384.9175312255839
8.96,655.2690792993309,43.8727905977975,385.32850072619783
8.97,335.50170636871525,48.82664452613773,385.7919979018175
8.98,-246.95193366606,49.269393389651,386.28247809139646
8.99,-629.6760494443537,44.88625347409893,386.7532563257152
9.0,-637.7393712765165,38.54917637049458,387.1704334749382
9.01,-499.4530250790159,32.86321438871692,387.52749542873426
9.02,-443.22508578227394,28.14982383441047,387.8325606198499
9.03,-624.8452509011915,22.80947215099314,388.0873570997769
9.04,-1310.550989941319,13.132490946780589,388.2670669152658
9.05,-2850.7666146762685,-7.674097076307351,388.29435888461813
9.06,-4734.534434867976,-45.60060232402857,388.02798538761647
9.07,-5176.464158647023,-95.15559529160357,387.3242043995383
9.08,-3471.904098629646,-138.39743657798692,386.15643924019037
9.09,-1792.5697355773077,-164.7198057490217,384.64085302855534
9.1,-990.6033613189952,-178.63567123350322,382.9240756436427
9.11,1274.3110174261417,-177.2171329529675,381.14481162271034
9.12,4898.650569935751,-146.35232501615803,379.52696433286474
9.13,6722.00486943668,-88.24904781929587,378.35395746868744
9.14,5917.558485527878,-25.051231044473077,377.7874560743686
9.15,4067.778384539483,24.875453305863722,377.7865771856756
9.16,2199.3976077824336,56.21133326747331,378.19201111854227
9.17,787.1275126373481,71.14395886957222,378.8287875792275
9.18,298.7979145219645,76.57358600536878,379.5673753036022
9.19,615.8564431241747,81.14685779359948,380.3559775225971
9.2,981.5895619757672,89.1340878190992,381.20738225066054
9.21,883.1265322674011,98.45766829031504,382.14534103120764
9.22,426.9669312898836,105.00813560810147,383.1626700506997
9.23,-71.32634170738476,106.78633855601396,384.2216424215203
9.24,-412.3814845061298,104.36779942494638,385.2774131114251
9.25,-385.49361251068,100.37842393986233,386.30114422824914
9.26,-28.51535287622789,98.3083791129278,387.2945782435131
9.27,261.82768965236005,99.47494079680845,388.2834948430618
9.28,248.25897555480216,102.02537412284427,389.2909964176601
9.29,-57.6162201729484,102.97858789975353,390.3160162277731
9.3,-404.1707264685192,100.6696531665462,391.3342574331046
9.31,-456.5087535943072,96.36625576623206,392.3194369777685
9.32,-93.80617766164958,93.61468110995227,393.2693416621494
9.33,380.3538398346765,95.0474194208174,394.2126521648032
9.34,586.4511052441936,99.88144414621175,395.1872964826384
9.35,488.12497690736006,105.25432455696952,396.21297532615426
9.36,222.9848286623348,108.80987358481799,397.2832963168632
9.37,-63.85918484700799,109.60550180389463,398.37537319380675
9.38,-205.6407666443084,108.25800204643804,399.4646907130584
9.39,-206.52702387298052,106.19716309385159,400.5369665387599
9.4,-243.8552942246504,103.94525150336344,401.58767861174596
9.41,-375.48079406790833,100.84857106190064,402.61164772457226
9.42,-559.3463994516169,96.17443509430302,403.59676275535327
9.43,-725.2668970448642,89.75136861182061,404.52639177388386
9.44,-877.7615014934617,81.73622661912898,405.3838297500386
9.45,-989.2490809821554,72.4011737067509,406.15451675166804
9.46,-969.1985448525992,62.60893557757712,406.82956729808967
9.47,-704.0411967889122,54.242736869369566,407.4138256603244
9.48,-291.9313997185887,49.26287388683206,407.9313537141054
9.49,-79.01910279833524,47.40812137424744,408.4147086904108
9.5,-165.06739989807497,46.18768886076539,408.88268774158587
9.51,-282.21233203685296,43.95129020109075,409.3333826368951
9.52,-286.38555954064515,41.10830074320326,409.7586805916166
9.53,-166.14177142807668,38.84566408835965,410.15845041577444
9.54,154.8644144449577,38.78927730344405,410.5466251227335
9.55,526.2498604841771,42.19484867808973,410.95154575264115
9.56,574.3781958362604,47.69798895969191,411.4010099408301
9.57,124.06108161973914,51.19018534697191,411.8954508123634
9.58,-519.9902076908085,49.21053971661656,412.39745443768135
9.59,-827.7051917754301,42.47206271928537,412.85586744986085
9.6,-572.6393147415531,35.470340186700454,413.2455794643908
9.61,-5.721561416911428,32.57853580590813,413.58582384435385
9.62,334.277564331722,34.22131582048218,413.9198231024858
9.63,121.07295809328627,36.498068432607226,414.2734200237512
9.64,-764.391140729013,33.28147751942859,414.62231775351137
9.65,-2536.0586819457417,16.77922840605482,414.8726212831388
9.66,-4902.066521081348,-20.41139760908063,414.8544604371237
9.67,-6663.587619215881,-78.23966831056677,414.36120510752545
9.68,-6881.077377418293,-145.96299329373764,413.2401917995039
9.69,-5180.296198547292,-206.26986117356557,411.4790275271674
9.7,-1064.63140473277,-237.4944991899659,409.2602057253497
9.71,4021.407634364741,-222.71061804180604,406.95918013919083
9.72,6907.68266784832,-168.06516653074073,405.0053012163281
9.73,6830.116129379448,-99.37617254460189,403.6680945209514
9.74,5431.67400476523,-38.067221873878495,402.980877548859
9.75,3800.96171876823,8.095956743788804,402.83102122320855
9.76,2418.4581998471085,39.193056336865496,403.0674662886118
9.77,1563.586444796426,59.103279560083166,403.55894796809656
9.78,1199.8106794780722,72.92026518145566,404.21906569180425
9.79,1188.0215510738924,84.85942633421548,405.0079641493826
9.8,1187.7940358579842,96.73850426887486,405.91595380239806
9.81,802.9054306103071,106.69200160121632,406.93310633174855
9.82,238.8305936486632,111.90068172251117,408.0260697483672
9.83,-122.44178758314943,112.48262575283873,409.14798628574397
9.84,-382.1725347557335,109.95955414114431,410.2601971852139
9.85,-529.869528023985,105.39934382724572,411.33699167505586
9.86,-360.1989186411918,100.94900159391983,412.3687334021617
9.87,7.410153060840671,99.18505776601808,413.3694036989614
9.88,242.01096042415855,100.43216333344307,414.36748980445867
9.89,186.44679782496087,102.57445212468866,415.3825228817493
9.9,11.762345337789188,103.56549784050242,416.41322263157525
9.91,-6.291904387977311,103.59285004525148,417.449014371004
9.92,160.46305298038547,104.36370578821352,418.4887971501713
9.93,431.5658891014232,107.32385049862256,419.5472349316055
9.94,820.1273480649982,113.58231668445467,420.6517657675209
9.95,1134.547094357568,123.3556888965675,421.836455795426
9.96,981.5690330406246,133.93626953355846,423.12291558757664
9.97,404.0136011946829,140.864182704735,424.49691784876813
9.98,-65.3990443114574,142.55725548915112,425.91402503973757
9.99,-333.37356808142204,140.56339242718673,427.32962827931925
